gene_used1,gene_used2,gene_used3
8639,8639,26
,,
,,
,,
,,
,,
1591,1591,1591
1591,1591,1591
1594,1594,1594
1594,1594,1594
10993,10993,10993
6818,6818,6818
,,
3945,3945,3939
8050,8050,8050
128,128,128
1312,1312,1312
220,221,220
221,221,221
220,221,220
221,221,221
,,
3242,3242,3242
,,
,,
,,
2531,2531,2531
23498,23498,23498
55268,55268,55268
,,
51166,51166,883
1644,1644,1644
26275,26275,26275
,,
1644,1644,1644
4128,4129,4128
220,221,220
220,221,220
220,221,220
4128,4129,4128
53,51205,54
51380,2571,51380
,,
2805,2805,2805
2806,2806,2806
,,
,,
4128,4129,4128
4128,4129,4128
8639,4129,26
,,
,,
8659,8659,8659
220,221,220
6799,6817,6818
6818,6822,6818
1644,1644,1644
316,316,316
217,217,217
4128,4129,4128
3620,3620,3620
1644,1644,1644
4128,4129,4128
4123,4123,4123
4125,4125,4125
53947,53947,53947
53947,53947,53947
51146,51146,51146
51146,51146,51146
65985,65985,65985
8639,8639,8639
,,
51166,51166,51166
28,28,28
28,28,28
28,28,28
28,28,28
28,28,28
28,28,28
28,28,28
28,28,28
28,28,28
18,18,18
,,
223,223,223
38,3032,3032
39,39,39
38,38,3032
39,39,39
30,30,30
30,30,30
30,30,30
30,30,30
30,30,30
30,30,30
31,31,31
32,32,32
55902,55902,55902
79611,79611,84532
,,
,,
5973,5973,5973
64841,64841,64841
55577,55577,55577
5238,5238,5238
9487,9487,9487
162417,162417,162417
43,43,43
47,47,47
54187,54187,54187
54187,54187,54187
140838,51205,54
,,
34,34,34
34,34,34
3712,3712,3712
34,34,34
134526,134526,134526
51,51,51
2194,2194,2194
95,95,95
48,48,3658
48,50,50
8309,8309,8309
8309,8309,8309
52,52,54
55902,55902,55902
55902,55902,55902
84532,84532,84532
438,438,438
438,438,438
1571,1571,1571
1571,1571,1571
98,97,112611
100,100,100
100,100,100
,,
204,204,204
204,204,204
26289,26289,26289
50808,50808,50808
26289,26289,26289
262,262,262
109,108,113
132,132,132
,,
11164,11164,11164
11164,11164,11164
11164,11164,11164
53343,53343,53343
353,353,353
1374,126129,1375
1376,1376,1376
9060,9060,9061
9060,9060,9061
158,158,158
158,158,158
122622,122622,159
146712,93010,10331
146712,93010,10331
146712,93010,10331
146712,93010,10331
146712,93010,10331
146712,93010,10331
146712,93010,10331
146712,93010,10331
146712,93010,10331
146712,93010,10331
146712,93010,10331
146712,93010,10331
146712,93010,10331
146712,93010,10331
146712,93010,10331
146712,93010,10331
146712,93010,10331
146712,93010,10331
51005,51005,51005
,,
,,
,,
,,
,,
,,
79814,79814,79814
10555,137964,137964
5832,5832,5832
64850,64850,64850
189,189,189
10768,10768,191
3074,3074,3074
3074,3074,3074
471,471,471
8050,8050,8050
1645,1645,1645
1109,1109,1109
1109,1109,1109
6718,6718,6718
6718,6718,6718
,,
211,211,211
84706,84706,2875
125,125,128
125,125,128
125,125,128
125,125,128
10327,10327,10327
223,224,223
217,217,217
224,224,224
223,224,219
217,217,217
223,224,219
249,249,249
239,239,239
242,242,242
247,247,246
240,240,240
240,240,240
10327,231,10327
10327,231,10327
23600,23600,23600
23600,23600,23600
23600,23600,23600
23600,23600,23600
55577,55577,55577
,,
271,271,271
290,290,290
290,290,290
280,280,279
280,280,279
,,
318,318,318
18,18,18
,,
,,
,,
,,
4128,4129,4128
10327,231,10327
1374,126129,1375
1376,1376,1376
113451,113451,113451
383,384,384
384,384,384
435,435,435
445,445,445
410,410,410
,,
,,
,,
,,
,,
,,
,,
427,427,427
,,
80150,80150,80150
440,440,440
2571,2571,2571
790,790,790
,,
2805,2805,2805
2806,2806,2806
956,955,953
956,955,953
4126,4126,4126
8706,8706,8706
8705,8705,8705
8705,8705,8705
8705,8705,8705
8705,8705,8705
10317,10317,10317
,,
10678,10678,10678
10678,10678,10678
10331,10331,10331
10331,10331,10331
10331,10331,10331
10331,10331,10331
10331,10331,10331
10331,10331,10331
10331,10331,10331
10331,10331,10331
10331,10331,10331
10331,10331,10331
10331,10331,10331
10331,10331,10331
10331,10331,10331
10331,10331,10331
84002,84002,84002
570,570,570
570,570,570
570,570,570
3141,3141,3141
3141,3141,3141
223,224,223
217,217,217
8424,8424,8424
53630,53630,53630
,,
622,622,622
,,
,,
23743,23743,23743
645,645,644
,,
10380,10380,10380
10380,10380,10380
686,686,686
686,686,686
686,686,686
686,686,686
3141,3141,3141
3141,3141,3141
51733,51733,51733
7108,7108,7108
1374,126129,1375
1376,1376,1376
1374,126129,1375
1374,126129,1375
1376,1376,1376
1376,1376,1376
1374,126129,1375
1376,1376,1376
1374,126129,1375
1376,1376,1376
1374,126129,1375
1376,1376,1376
1374,126129,1375
1376,1376,1376
3032,3030,3032
1891,1891,1891
50814,50814,50814
50814,50814,50814
3295,3295,3295
6307,6307,6307
50814,50814,50814
50814,6307,6307
847,847,847
847,847,847
847,847,847
,,
166785,166785,166785
92579,92579,92579
790,790,790
1373,1373,1373
873,873,873
873,873,873
10423,10423,10423
8760,1040,8760
8760,1040,8760
56994,56994,10390
10390,10390,10390
64781,64781,64781
9023,9023,9023
1103,1103,1103
1103,1103,1103
162466,162466,162466
5130,5130,5130
55349,55349,55349
1120,1119,1120
6818,6818,6818
1118,1118,1118
27159,27159,27159
,,
,,
,,
1160,1160,1159
1152,1152,1152
1374,126129,1375
1376,1376,1376
54675,54675,54675
55907,55907,55907
55907,55907,55907
8824,8824,8824
51805,51805,51805
,,
51004,51004,51004
10229,10229,10229
2650,51301,9245
192134,192134,192134
9245,9245,9245
,,
2650,2650,2650
,,
,,
,,
5130,5130,5130
1371,1371,1371
,,
,,
,,
,,
,,
,,
1431,1431,1431
1384,1384,1384
1384,54677,54677
1384,1384,1384
1384,1384,1384
1384,1384,1384
1384,1384,1384
1384,1384,1384
,,
56474,56474,1503
56474,56474,1503
,,
,,
1036,1036,1036
2805,2805,2805
2806,2806,2806
1491,1491,1491
875,875,875
978,978,57379
7371,83549,7371
,,
57379,57379,57379
51727,51727,51727
51727,51727,51727
51727,51727,51727
51727,51727,51727
51727,51727,51727
51727,51727,51727
51727,51727,51727
51727,51727,51727
51727,51727,51727
51727,51727,51727
51727,51727,51727
129607,129607,129607
51727,51727,51727
51727,51727,51727
51727,51727,51727
51727,51727,51727
51727,51727,51727
51727,51727,51727
51727,51727,51727
51727,51727,51727
51727,51727,51727
51727,51727,51727
51727,51727,51727
51727,51727,51727
51727,51727,51727
51727,51727,51727
51727,51727,51727
51727,51727,51727
51727,51727,51727
64902,64902,64902
100,100,100
100,100,100
,,
8526,1608,1606
8525,9162,8525
1610,1610,1610
1610,1610,1610
,,
2745,2745,2745
8528,8528,8528
10455,10455,10455
,,
1633,1633,1633
1633,1633,1633
1635,1635,1635
1374,126129,1375
1376,1376,1376
1638,1638,1638
978,978,57379
57379,57379,57379
,,
,,
,,
,,
6319,6319,6319
9415,9415,9415
6319,6319,6319
6319,6319,6319
6319,6319,6319
9415,9415,9415
9415,9415,9415
9415,9415,9415
9415,9415,9415
3992,3992,3992
3992,3992,3992
,,
,,
9415,9415,9415
84649,8694,8694
2987,2987,2987
,,
1716,1716,1716
,,
8443,8443,8443
8443,8443,8443
1718,1718,1718
1718,1718,1718
1718,1718,1718
1717,1717,1717
1717,1717,1717
8560,8560,8560
8560,8560,8560
51805,51805,51805
6818,6822,6818
1719,1719,1719
790,790,790
1809,1807,1809
1807,1807,1807
5860,5860,5860
,,
,,
1374,126129,1375
1376,1376,1376
,,
9453,9453,9453
2224,2224,2224
29958,29958,29958
,,
,,
,,
,,
1788,1787,1786
1788,1787,1786
,,
,,
,,
,,
,,
,,
,,
,,
29929,29929,29929
,,
79053,79053,79053
,,
84920,84920,84920
,,
,,
,,
,,
,,
,,
,,
26002,1621,26002
7299,7299,7299
1312,1312,1312
,,
6799,6817,6818
1610,1610,1610
80347,80347,80347
5223,5223,5223
5223,5223,5223
,,
4597,4597,4597
,,
1610,1610,1610
64080,64080,64080
51071,51071,51071
,,
1841,1841,1841
1806,1806,1806
1806,1806,1806
7084,7084,7083
7084,7084,7084
4860,4860,4860
1854,1854,1854
1854,1854,1854
10682,10682,10682
10682,10682,10682
,,
1892,3030,3032
1892,3030,3032
1891,1891,1891
1892,3030,3032
13,13,13
2805,2805,2805
2806,2806,2806
2806,2806,2806
1374,126129,1375
1376,1376,1376
1374,126129,1375
1376,1376,1376
64772,64772,64772
64772,64772,64772
,,
,,
,,
,,
,,
,,
,,
,,
,,
2023,2023,2023
5833,5833,5833
6818,6817,6818
2109,2109,2109
2110,2110,2110
1120,55224,1120
162466,162466,162466
1571,1571,1571
8790,8790,8790
2530,2530,2530
55301,55301,55301
55301,55301,55301
55301,55301,55301
2194,55301,2194
55301,55301,55301
55301,55301,55301
55301,55301,55301
,,
,,
55301,55301,55301
2181,2181,2181
2180,23305,2180
2180,23305,2180
2180,2180,2180
2180,23305,2180
2180,23305,2180
2180,2180,2180
2180,2180,2180
2180,2180,2180
2180,2180,2180
2180,2180,2180
2180,23305,2180
2180,2180,2180
2180,2180,2180
11001,11001,11001
2180,2180,2180
2180,2180,2180
2180,23305,2180
2180,2180,2180
2180,23305,2180
11001,11001,11001
2180,2180,2180
2180,2180,2180
2180,2180,2180
2180,2180,2180
2180,2180,2180
2180,2180,2180
2180,2180,2180
2180,23305,2180
2180,2180,2180
2180,23305,2180
2180,2180,2180
116285,116285,116285
2181,2181,2181
5167,5169,5167
60481,60481,60481
60481,60481,60481
60481,60481,60481
60481,60481,60481
5447,285440,285440
1579,1579,1579
1579,1579,1579
128,128,128
33,33,33
51,51,51
34,34,34
34,34,34
34,34,34
51,51,51
3032,3030,3032
51,51,51
3032,3030,3032
34,34,34
51,51,51
3032,3030,3032
51,51,51
34,34,34
51,51,51
34,34,34
51,51,51
10455,3030,10455
51,51,51
51,51,51
51,51,51
51,51,51
51,51,51
51,51,51
2194,2194,2194
2194,2194,2194
2194,2194,2194
2194,2194,2194
2194,2194,2194
2194,2194,2194
226,226,226
226,226,226
226,226,226
229,229,229
2203,2203,2203
5209,2203,5209
2235,2235,2235
,,
10840,10840,10840
79901,79901,79901
197258,197258,197258
125061,125061,125061
80308,80308,80308
1719,1719,1719
2356,2356,2356
2356,2356,2356
2356,2356,2356
2356,2356,2356
2356,2356,2356
2356,2356,2356
2356,2356,2356
2356,2356,2356
2356,2356,2356
2356,2356,2356
2356,2356,2356
2356,2356,2356
2356,2356,2356
2356,2356,2356
2356,2356,2356
2356,2356,2356
2356,2356,2356
2356,2356,2356
9453,9453,9453
,,
10841,10841,10841
10588,10588,10588
10840,10840,160428
4522,4522,4522
4522,25902,25902
2519,2519,2519
2517,2517,2517
2519,2519,2519
2517,2517,2517
2271,2271,2271
2184,2184,2184
2271,2271,2271
2523,2523,2523
2523,2523,2523
2523,2523,2523
2523,2523,2523
2523,2523,2523
2523,2523,2523
2523,2523,2523
2525,2525,2525
2525,2525,2525
2525,2525,2525
2525,2525,2525
2525,2525,2525
10690,10690,10690
10690,10690,10690
10690,10690,10690
10690,10690,10690
10690,10690,10690
10690,10690,10690
10690,10690,10690
10690,10690,10690
10690,10690,10690
10690,10690,10690
10690,10690,10690
,,
,,
,,
8704,9334,2683
8704,9334,2683
8704,9334,2683
8704,9334,2683
8704,9334,2683
8704,9334,2683
8704,9334,2683
8704,9334,2683
8704,9334,2683
8704,9334,2683
8704,9334,2683
8704,9334,2683
8704,9334,2683
8704,9334,2683
8704,9334,2683
8704,9334,2683
8704,9334,2683
8704,9334,2683
8704,9334,2683
8704,9334,2683
8704,9334,2683
,,
,,
2819,2819,2819
,,
5832,5832,5832
132789,10007,10007
9563,9563,9563
2539,2539,2539
2539,9563,2539
92579,92579,92579
2593,2593,2593
9514,9514,9514
9514,9514,9514
2720,2720,2720
2720,2720,2720
2720,2720,2720
2720,2720,2720
2720,2720,2720
2720,2720,2720
2720,2720,2720
2720,2720,2720
2720,2720,2720
2720,2720,2720
2720,2720,2720
2720,2720,2720
2720,2720,2720
2720,2720,2720
2720,2720,2720
2720,2720,2720
2720,2720,2720
2720,2720,2720
2720,2720,2720
2581,2581,2581
2583,2583,2583
2583,2583,2583
2583,2583,2583
2583,2583,2583
2584,2585,2584
55790,55790,55454
337876,55790,55454
337876,55790,55454
337876,55790,55454
337876,55790,55454
117248,114805,2591
10327,231,10327
2592,2592,2592
126792,126792,126792
11285,11285,11285
7360,7360,7360
8972,8972,8972
9197,9197,9197
9197,9197,9197
9197,9197,9197
9197,9197,9197
2597,2597,2597
2618,2618,2618
175,175,175
175,175,175
175,175,175
2629,2629,2629
2629,2629,2629
26301,26301,26301
223,224,220
217,217,217
2731,2731,2731
2731,2731,2731
2731,2731,2731
2731,2731,2731
2731,2731,2731
2731,2731,2731
2651,2651,2651
9945,2673,2673
7264,7264,7264
8836,8836,8836
8836,8836,8836
8836,8836,8836
8836,8836,8836
8836,8836,8836
8836,8836,8836
8836,8836,8836
8836,8836,8836
8836,8836,8836
8836,8836,8836
8836,8836,8836
8836,8836,8836
8836,8836,8836
8836,8836,8836
8836,8836,8836
8836,8836,8836
8836,8836,8836
8836,8836,8836
2998,2997,2997
,,
2687,2687,2687
,,
6470,6470,6470
6470,6472,6472
6470,6470,6470
6472,6472,6472
2987,2987,2987
2987,2987,2987
223,224,220
217,217,217
2717,2717,2717
2720,2720,2720
2632,2632,2632
2990,2990,2990
2990,2990,2990
2990,2990,2990
2990,2990,2990
2990,2990,2990
2990,2990,2990
2990,2990,2990
,,
26035,26035,26035
337876,54480,54480
337876,54480,54480
337876,54480,54480
337876,54480,54480
2131,2131,2132
2131,2131,2132
2131,2131,2132
2131,2131,2132
26229,27087,26229
4669,4669,4669
4669,4669,4669
4669,4669,4669
4669,4669,4669
4669,4669,4669
3340,8509,8509
,,
,,
2137,2135,2137
2131,2137,2132
2131,2137,2132
2131,2137,2132
2131,2137,2132
178,178,178
2998,2997,2997
,,
2752,2752,2752
5836,5834,5834
5836,5834,5834
,,
5832,5832,5832
2730,2729,2730
2571,2571,2571
2746,2746,2746
2746,2746,2746
10841,10841,10841
2744,2744,2744
5471,5471,5471
2639,2639,2639
3945,3945,3939
51179,51179,51179
2628,2628,2628
23464,23464,23464
,,
9380,9380,9380
,,
51179,51179,51179
2710,2710,2710
2710,2710,2710
,,
3029,3029,84264
3029,3029,3029
2762,2762,2762
51292,51292,51292
8833,8833,8833
5226,5226,5226
27232,27232,27232
57678,57678,129642
57678,137964,137964
,,
284098,284098,284098
80055,80055,80055
80055,80055,80055
,,
9453,9453,9453
2224,2224,2224
,,
2745,2745,2745
2936,2936,2936
2936,2936,2936
2879,7001,5052
2878,2878,2878
2879,10935,2876
2937,2937,2937
2643,2643,2643
2643,2643,2643
4881,4882,2984
9615,9615,9615
3251,3251,3251
,,
,,
,,
761,377677,771
11238,11238,11238
23556,23556,23556
,,
53905,53905,50506
23556,23556,23556
,,
84720,84720,5281
23556,23556,23556
,,
5281,54872,5281
84720,84720,5281
23556,23556,23556
,,
5281,54872,5281
23556,23556,23556
,,
128869,94005,10026
80235,80235,80235
80235,80235,80235
128869,94005,10026
3033,3030,3032
3295,3295,3295
3033,3028,3028
27235,27235,27235
3099,3099,3099
3099,3099,3099
3099,3099,3099
3099,3099,3099
1374,126129,1375
1376,1376,1376
3081,3081,3081
11112,11112,11112
3034,3034,3034
3067,1644,3067
314,314,26
8942,8942,8942
3145,3145,3145
3156,3156,3156
3157,3157,3157
3158,3158,3158
3155,54511,3155
3155,3155,3155
3162,3163,3162
,,
1374,126129,1375
1376,1376,1376
,,
,,
3945,3945,3939
9380,9380,9380
6448,6448,6448
6448,6448,6448
6448,6448,6448
6448,6448,6448
3290,3290,3290
3291,3291,3291
3292,7923,7923
3294,3294,3294
3295,3295,3295
3295,3295,3295
51478,51478,51478
3294,3294,3294
51478,51478,51478
1109,1109,1109
1109,1109,1109
3283,3283,3283
3284,3284,3284
3284,3284,3284
3283,3283,3283
3284,3284,3284
3284,3284,3284
3284,3284,3284
80270,80270,80270
,,
3251,3251,3251
57026,57026,57026
,,
3421,3421,3421
3417,3417,3417
3417,3417,3417
3418,3418,3418
7173,7173,7173
7173,7173,7173
7173,7173,7173
7173,7173,7173
3425,3425,3425
3425,3425,3425
3425,3425,3425
3425,3425,3425
586,586,586
587,587,587
223,224,223
217,217,217
471,471,471
3615,3615,3615
55586,55586,55586
,,
3422,3422,3422
8801,8801,8801
8803,8803,8803
144193,144193,144193
,,
3795,3795,3795
3795,3795,3795
3795,3795,3795
8942,8942,8942
8564,8564,8564
51166,51166,883
,,
2720,2720,2720
2720,2720,2720
128,128,128
231,231,231
53,51205,54
223,224,220
223,224,220
217,217,217
217,217,217
3931,3931,3931
2805,2805,2805
2806,2806,2806
51380,2571,51380
197257,197257,197257
3945,3945,3939
3945,3945,3939
586,586,586
587,587,587
8942,8942,8942
1374,126129,1375
1376,1376,1376
2739,2739,2739
,,
,,
,,
,,
1374,126129,1375
1376,1376,1376
1374,126129,1375
1376,1376,1376
1374,126129,1375
1376,1376,1376
1374,126129,1375
1376,1376,1376
11283,11283,11283
4047,4047,4047
5321,5321,1178
51268,51268,51268
4023,4023,1056
4023,4023,1056
3990,3990,3990
11343,11343,11343
3990,3990,3990
50487,50487,50487
4023,4023,5406
9227,9227,9227
,,
,,
,,
6309,6309,6309
6309,6309,6309
4048,4048,4048
,,
4259,4259,4259
,,
1644,1644,1644
80854,58508,6839
80854,58508,6839
80854,58508,6839
,,
4122,4124,4122
4245,4245,4245
11282,11282,11282
4248,4248,4248
,,
4249,4249,4249
4247,4247,4247
128869,94005,10026
5281,54872,5281
128869,94005,10026
84720,84720,5281
2954,2954,2954
4129,4129,220
8972,2548,8972
8972,8972,8972
2548,2548,2548
11253,11253,11253
11253,11253,11253
29926,29925,29925
,,
,,
4351,4351,4351
4128,4129,4128
8639,8639,26
64087,56922,56922
23417,23417,23417
23417,23417,23417
23417,23417,23417
,,
,,
3945,3945,3939
2194,2194,2194
27349,27349,27349
4357,4357,4357
4190,4190,4190
4190,4190,4190
,,
4200,4200,4200
4199,4199,4199
10873,10873,4200
,,
,,
3620,3620,3620
1545,1545,5447
,,
27430,27430,27430
4548,4548,4548
4598,4598,4598
7841,7841,7841
9529,9529,9529
9529,9529,9529
,,
549,549,549
,,
,,
8639,8639,26
,,
253430,253430,253430
3636,3636,3635
253430,253430,253430
,,
,,
3628,3628,3628
,,
253430,253430,253430
253430,253430,253430
80271,3706,3707
253430,253430,253430
3636,3636,3635
,,
3628,3628,3628
8898,3612,8776
51477,51477,51477
,,
8821,3631,3631
3613,3612,3613
3613,3612,3613
,,
2595,2595,2595
8972,8972,8972
2548,2548,2548
4121,4121,4121
4121,4121,4121
4121,4121,4121
57134,57134,57134
4121,4121,4121
4121,4121,4121
4121,4121,4121
4121,4121,4121
57134,57134,57134
4121,4121,4121
4121,4121,4121
4121,4121,4121
4121,4121,4121
4121,4121,4121
11253,11253,11253
4121,4121,4121
23417,23417,23417
23417,23417,23417
23417,23417,23417
84693,84693,84693
4594,4594,4594
4329,4329,4329
4329,4329,4329
,,
116255,80168,80168
4507,4507,4507
4522,4522,4522
10797,25902,10797
4522,4524,4524
10797,441024,10797
10797,10797,10797
4522,25902,10797
,,
56913,56913,56913
,,
223,224,223
217,217,217
443,443,91703
3074,3074,3074
3074,3074,3074
3074,3074,3074
3074,3074,3074
3074,3074,3074
3074,3074,3074
3074,3074,3074
3074,3074,3074
3074,3074,3074
3074,3074,3074
3074,3074,3074
3074,3074,3074
3074,3074,3074
3074,3074,3074
3074,3074,3074
3074,3074,3074
3074,3074,3074
3074,3074,3074
3074,3074,3074
3074,3074,3074
3074,3074,3074
3074,3074,3074
3074,3074,3074
3074,3074,3074
3074,3074,3074
3074,3074,3074
3074,3074,3074
3073,3073,3073
3073,3073,3073
3073,3073,3073
3073,3073,3073
3073,3073,3073
3073,3073,3073
3073,3073,3073
3073,3073,3073
3073,3073,3073
3073,3073,3073
3073,3073,3073
3073,3073,3073
3073,3073,3073
3073,3073,3073
3073,3073,3073
3073,3073,3073
3073,3073,3073
3073,3073,3073
3073,3073,3073
3073,3073,3073
3073,3073,3073
3073,3073,3073
65220,65220,65220
,,
952,952,952
,,
952,952,952
55191,55191,55191
4668,4668,4668
,,
4668,4668,4668
,,
55748,55748,55748
956,124583,953
956,124583,953
79077,79077,79077
957,124583,9583
956,124583,953
9583,9583,9583
1841,1841,1841
956,124583,953
4832,29922,10201
4832,29922,10201
4833,4833,4833
4830,4830,4830
10201,10201,10201
4830,4830,4830
4832,29922,10201
4833,4833,4833
4830,4830,4830
4832,29922,10201
10201,10201,10201
4830,4830,4830
4832,29922,10201
4833,4833,4833
4830,4830,4830
4832,29922,10201
10201,10201,10201
4830,4830,4830
4832,29922,10201
10201,10201,10201
4830,4830,4830
4832,29922,10201
4833,4833,4833
4830,4830,4830
4832,29922,10201
10201,10201,10201
4830,4830,4830
4832,29922,10201
4833,4833,4833
4830,4830,4830
,,
349565,349565,349565
64802,64802,64802
23057,349565,349565
10135,10135,10135
8639,8639,26
349565,349565,349565
64802,64802,64802
23057,349565,64802
4837,4837,4837
5409,5409,5409
4846,4846,4846
4846,4846,4846
4860,4860,4860
6818,6818,6818
1374,126129,1375
1376,1376,1376
55808,55808,55808
55808,55808,55808
22978,22978,22978
30833,30833,51251
22978,22978,22978
22978,22978,22978
30833,30833,30833
56953,56953,56953
51251,51251,51251
4907,4907,4907
53,51205,54
56953,56953,56953
4907,30833,51251
53,51205,54
22978,22978,22978
4907,30833,30833
53,51205,54
22978,22978,22978
53,51205,54
56953,56953,56953
22978,22978,22978
53,51205,54
22978,22978,22978
4907,30833,30833
53,51205,54
22978,22978,22978
53,51205,54
22978,22978,22978
4907,30833,30833
53,51205,54
956,124583,953
3704,3704,3704
3704,3704,3704
3704,3704,3704
6476,6476,6476
6476,6476,6476
,,
5009,5009,5009
5019,5019,5019
1629,593,594
1629,593,594
1629,593,594
7372,7372,7372
26873,26873,26873
,,
,,
4953,4953,4953
4942,4942,4942
7372,7372,7372
1583,1583,1583
1584,1584,1584
1584,1584,1584
1585,1585,1585
1586,1586,1586
1545,1545,5447
1586,1586,1586
1545,1545,5447
1588,1588,1588
1588,1588,1588
,,
1589,1589,1589
1589,1589,1589
1593,1593,1593
1593,1593,1593
1593,1593,1593
1593,1593,1593
1593,1593,1593
1593,1593,1593
1593,1593,1593
1548,1548,1548
1557,5447,1576
9420,5447,9420
1558,1558,1558
1559,1559,1559
9420,9420,9420
9420,9420,9420
9420,9420,9420
1565,1565,1565
1571,1571,1571
1572,1572,1572
1555,1555,1555
64816,64816,64816
1551,5447,1586
1551,1551,1551
1555,1555,1555
5447,66002,5447
4051,4051,4051
66002,66002,5447
66002,66002,66002
11283,11283,11283
1581,1581,1581
1544,1544,1544
1544,1544,1544
1582,1582,1582
1582,1582,1582
,,
,,
8659,8659,8659
5831,5831,5831
,,
5051,5051,5051
7941,7941,7941
,,
,,
5338,5337,5338
5337,5337,5337
5337,5337,5337
5337,5337,5337
130013,130013,130013
5352,5352,5352
5091,5091,5091
5140,5138,5150
10846,10846,10846
5140,5138,5139
10846,10846,10846
5152,5152,5152
8050,1737,8050
55163,55163,55163
57026,57026,57026
4128,4129,26
,,
5105,5105,5105
5105,5106,5106
5833,5833,5833
10400,10400,10400
10400,10400,10400
5211,5213,5214
5209,5208,5209
26227,26227,26227
5730,5730,5730
5730,5730,5730
9536,80142,9536
2821,2821,2821
5740,5740,5740
5230,5230,5230
25796,25796,25796
9563,9563,9563
283871,283871,283871
5223,5223,5223
5236,5236,55276
114971,114971,114971
9489,9489,9489
5743,5743,5742
5743,5743,5742
,,
8659,8659,8659
,,
2805,2805,2805
2806,2806,2806
5053,5053,5053
1644,1644,1644
5264,5264,5264
5728,5728,5728
5728,5728,5728
3636,3636,3635
,,
,,
,,
23396,8395,8394
,,
,,
5298,55361,5297
,,
23396,8395,8394
5290,5290,10870
,,
,,
56623,4952,8871
,,
5333,84812,5336
23236,23236,23236
5290,5286,10870
5287,5287,5287
,,
23396,8395,200576
,,
5333,84812,5336
23236,23236,23236
,,
5290,5289,10870
5287,5287,5287
5298,55361,5297
,,
5283,5277,51227
5290,5289,10870
5287,5287,5287
,,
5298,55361,5297
,,
23396,8395,8394
,,
5333,84812,5336
23236,23236,23236
,,
5320,5321,5320
5320,5319,5320
5372,5372,5373
10654,10654,10654
9807,9807,9807
51447,51447,51447
9807,9807,9807
51447,51447,51447
4860,4860,4860
55350,55350,8875
80025,53354,55229
80025,80025,80025
5464,5464,5464
,,
,,
92579,92579,92579
27068,27068,27068
,,
8611,8611,8612
210,210,210
60490,60490,60490
5096,5096,5096
34,34,34
,,
231,231,231
10327,231,10327
5236,5236,55276
79717,79717,79717
3242,3242,3242
5498,5498,5498
2618,2618,2618
9588,9588,9588
4353,4353,4353
5198,5198,5198
6818,6822,6818
,,
8974,5033,8974
58510,58510,58510
5625,5625,5625
1892,3030,3032
1962,1962,1962
5631,5634,5631
23761,23761,23761
29968,29968,29968
5723,5723,5723
9791,9791,9791
81490,81490,81490
1374,126129,1375
1376,1376,1376
10965,10005,10005
10965,10965,10965
10965,10965,10965
10965,10965,10965
5805,5805,5805
5805,5805,5805
80347,80347,80347
6303,6303,6303
8639,8639,26
4860,4860,4860
4860,4860,4860
4860,4860,4860
4860,4860,4860
4860,4860,4860
4860,4860,4860
4860,4860,4860
,,
55163,55163,55163
8566,8566,8566
316,316,316
8566,8566,8566
8566,8566,8566
57026,57026,57026
5315,5315,5315
223,224,223
217,217,217
7378,7378,7378
,,
,,
,,
,,
,,
,,
,,
,,
2950,2938,2950
,,
55312,55312,55312
64080,64080,64080
64080,64080,64080
5959,5959,5959
157506,51109,195814
5959,5959,5959
57665,51109,195814
5959,5959,5959
57665,51109,195814
5959,5959,5959
,,
8228,8228,8228
,,
,,
,,
,,
,,
,,
,,
,,
,,
50484,50484,6240
50484,50484,6240
50484,50484,6240
50484,50484,6240
54981,54981,54981
6120,6120,6120
22934,22934,22934
,,
1374,126129,1375
1376,1376,1376
6482,6484,6483
6487,6487,6487
6482,6484,6483
6482,6482,6482
6480,6480,6480
10090,10090,10090
10090,10090,10090
10090,10090,10090
9653,9653,9653
3423,3423,3423
3423,3423,3423
3423,3423,3423
,,
,,
9957,9957,9957
9956,9956,222537
9953,9955,9953
,,
,,
,,
55501,50515,50515
55501,50515,50515
55501,50515,50515
,,
,,
55501,50515,50515
411,411,411
411,411,411
411,411,411
411,411,411
411,411,411
9435,4166,9435
9435,4166,9435
9435,4166,9435
9435,4166,9435
9435,4166,9435
9469,8534,9469
9435,4166,9435
9435,4166,9435
9469,8534,9469
9469,56548,9469
9435,4166,9435
9469,56548,9469
9469,56548,9469
56548,56548,56548
56548,56548,56548
9469,56548,9469
9394,9394,9394
9435,4166,9435
9469,8534,9469
9435,4166,9435
9435,4166,9435
9435,4166,9435
9435,4166,9435
9435,4166,9435
9435,4166,9435
2720,2588,4758
2799,2799,2799
2799,2799,2799
2799,2799,2799
2799,2799,2799
2799,2799,2799
2799,2799,2799
2799,2799,2799
2799,2799,2799
2799,2799,2799
2799,2799,2799
2799,2799,2799
2799,2799,2799
2720,2588,4758
2799,2799,2799
2799,2799,2799
2720,2588,4758
2799,2799,2799
2799,2799,2799
2799,2799,2799
2720,2588,4758
2720,2588,4758
2720,2588,4758
2720,2588,4758
2720,2588,4758
2720,2588,4758
10157,10157,10157
10157,10157,10157
9060,9060,9061
1312,1312,1312
118881,118881,118881
3176,3176,3176
51268,51268,51268
1757,1757,1757
81537,81537,81537
81537,81537,81537
6652,6652,6652
10327,231,10327
6342,6342,6342
6342,6342,6342
10768,10768,23382
9060,9060,9061
51540,51540,51540
51540,51540,51540
1491,1491,1491
875,875,875
27430,27430,27430
22928,22928,22928
10993,10993,10993
10558,9517,55304
2098,2098,2098
8879,8879,8879
8879,8879,8879
129807,129807,129807
2720,2588,4758
2720,2588,4758
2720,2588,4758
2720,2588,4758
6483,6483,6483
8869,8869,8869
56848,56848,8877
4190,4190,4190
4191,4191,4191
55627,55512,55512
6609,6609,55512
6610,6610,6610
259230,259230,259230
6646,6646,6646
,,
56848,56848,8877
,,
,,
6723,6723,6723
6647,6647,6647
6649,6649,6649
6648,6648,6648
6647,6647,6647
6647,6647,6647
6697,6697,6697
6723,6611,6723
6697,6697,6697
189,189,189
6713,6713,6713
2222,2222,2222
6715,6715,6715
6715,6715,6715
3620,3620,3620
15,15,15
11185,11185,11185
6483,6483,6483
6483,6483,6483
6483,6483,6483
6487,6487,6487
10402,10402,10402
10402,10402,10402
10610,10610,10610
10610,10610,10610
10610,10610,10610
10610,10610,10610
10610,10610,10610
10610,10610,10610
10610,10610,10610
10610,10610,10610
30815,81849,81849
30815,30815,30815
6489,6489,6489
6489,6489,6489
29906,29906,29906
29906,29906,29906
29906,29906,29906
29906,29906,29906
29906,29906,29906
29906,29906,29906
1374,126129,1375
1376,1376,1376
412,412,412
412,412,412
412,412,412
412,412,412
6389,6391,6391
8801,8801,8801
8803,8803,8803
8972,8972,6476
3032,3030,3032
1891,1891,1891
,,
7299,7299,7299
6888,6888,6888
,,
,,
,,
23483,23483,23483
,,
1374,126129,1375
1376,1376,1376
1374,126129,1375
1376,1376,1376
1374,126129,1375
1376,1376,1376
5092,5092,5092
,,
79178,79178,79178
10993,113675,10993
79896,79896,79896
7173,7173,7173
7086,7086,7086
7086,7086,7086
223,223,223
7084,7084,7083
7084,7084,7084
27010,27010,27010
1890,1890,1890
,,
7298,7298,7298
55217,55217,55217
1374,126129,1375
1376,1376,1376
7167,7167,7167
7296,7296,7296
7296,7296,7296
7296,7296,7296
114112,114112,114112
80162,80162,80162
11181,11181,11181
6818,6817,6818
,,
7166,7166,7166
3620,6999,6999
4128,4129,26
,,
6818,6822,6818
1374,126129,1375
1376,1376,1376
6916,6916,6916
6818,6817,6818
7054,7054,7054
7306,7306,7306
1644,1644,1644
7299,7299,7299
7299,7299,7299
4128,4129,4128
2805,2805,2805
2806,2806,2806
10020,10020,10020
2582,2582,2582
,,
6675,6675,6675
,,
,,
2582,2582,2582
7358,7358,7358
80146,80146,80146
,,
5168,5169,5168
8704,8704,8704
7357,7357,7357
2592,2592,2592
54576,54576,54576
54575,54576,54575
54575,54577,54575
54575,54576,7367
54575,54576,54575
54575,54576,54575
54576,54577,54576
54575,54576,54575
54575,54576,54575
7363,54576,54575
54490,54490,54490
51727,51727,51727
51727,51727,51727
51727,51727,51727
51727,51727,51727
51727,51727,51727
51727,51727,51727
51727,51727,51727
51727,51727,51727
51727,51727,51727
51727,51727,51727
51727,51727,51727
51727,51727,51727
51727,51727,51727
,,
51727,51727,51727
,,
,,
7390,7390,7390
7389,7389,7389
51733,51733,51733
131669,131669,131669
1841,1841,1841
7371,83549,7371
,,
1374,126129,1375
1376,1376,1376
586,586,586
587,587,587
,,
1593,1593,1593
1593,1593,1593
11001,10998,11001
11001,10998,11001
11001,11001,11001
11001,11001,11001
7498,7498,7498
7498,7498,7498
7498,7498,7498
9942,9942,9942
,,
64132,64131,64132
51181,51181,51181
5464,5464,5464
847,847,847
3073,10724,3073
1356,1356,1356
2936,2936,2936
2936,2936,2936
,,
7296,7296,7296
956,956,953
80347,80347,80347
,,
22978,22978,22978
353,353,353
,,
,,
55902,55902,55902
8659,8659,8659
84706,84706,2875
3417,3417,3417
3418,3421,3418
3417,3417,3417
56954,56954,56954
56954,56954,56954
5167,5169,5167
55902,55902,84532
10020,10020,10020
3704,3704,3704
2643,2643,2643
2643,2643,2643
5313,5313,5313
374569,374569,374569
2687,2687,124975
2687,2687,124975
956,956,953
6821,6821,6821
956,956,953
5313,5313,5313
,,
,,
189,189,189
4967,4967,4967
5313,5313,5313
3704,3704,3704
2222,2222,2222
3945,3945,3939
7915,7915,7915
,,
956,956,953
64850,64850,64850
,,
1491,1491,1491
211,211,211
2819,2819,2819
29926,29925,29925
875,875,875
55902,79611,84532
55902,79611,84532
1719,1719,1719
,,
,,
125061,125061,125061
249,249,249
10327,231,10327
10327,231,10327
,,
,,
,,
5313,5313,5313
26,26,26
57571,57571,57571
3032,3030,3032
2731,2731,2731
8833,8833,8833
10965,5538,5538
51102,51102,51102
37,37,37
2180,23305,2180
48,50,50
55902,79611,84532
55902,79611,84532
,,
,,
,,
132158,132158,132158
132158,132158,132158
204,204,204
3099,3099,3099
3099,3099,3099
3099,3099,3099
3099,3099,3099
3099,3099,3099
3099,3099,3099
3099,3099,3099
3099,3099,3099
,,
1633,1633,1633
2720,2720,2720
,,
5162,5162,5162
4967,4967,4967
594,641649,594
594,641649,594
55163,55163,55163
55163,55163,55163
6476,6476,6476
93100,23475,93100
217,224,217
217,224,217
7498,7498,7498
7498,7498,7498
5860,5860,5860
5053,5053,5053
,,
6697,6697,6697
7166,7166,7166
226,226,226
5211,5213,5214
,,
3704,3704,3704
5313,5313,5313
3417,3417,3417
3418,3418,3418
3417,3417,3417
3421,3421,3421
48,50,50
1374,1374,1376
1374,1374,1376
1384,1384,1376
1384,54677,54677
,,
,,
,,
,,
,,
,,
,,
,,
,,
51166,51166,51166
4967,4967,4967
,,
3157,3157,3157
217,224,217
57571,57571,57571
,,
6241,6241,50484
6241,6241,50484
6241,6241,50484
6241,6241,50484
,,
18,18,18
956,956,953
956,956,953
7498,7498,7498
7498,7498,7498
6319,79966,6319
6319,79966,6319
1719,1719,1719
,,
211,211,211
275,275,275
10588,10588,10588
10157,10157,10157
,,
,,
8879,8879,8879
84890,84890,84890
2639,2639,2639
220,221,220
220,221,220
220,221,220
220,221,220
217,224,217
501,501,501
501,501,501
1737,1737,1737
1743,1743,1743
1743,1743,1743
,,
316,316,316
35,35,35
79017,79017,79017
55276,55276,55276
,,
10998,10998,10998
2222,2222,2222
80025,53354,55229
80025,53354,55229
,,
,,
249,249,249
80347,80347,80347
5167,5169,5167
501,501,501
4357,7263,4357
26275,26275,26275
,,
36,36,36
1629,1629,1629
5211,5211,5211
,,
60490,60490,60490
58510,58510,58510
58510,58510,58510
29920,29920,5831
29920,29920,5831
4967,4967,4967
,,
2717,2717,2717
570,570,570
570,570,570
51102,51102,51102
3032,3030,3032
,,
54677,54677,54677
51102,51102,51102
10449,30,30
2687,2687,124975
217,224,217
217,224,217
316,316,316
,,
,,
2687,2687,124975
2687,2687,124975
10998,10998,10998
10998,10998,10998
51102,51102,51102
10449,30,30
3712,3712,3712
1629,1629,1629
1892,3030,3032
1962,1962,1962
2618,2618,2618
55907,55907,55907
1962,1962,1962
594,641649,594
79717,79717,79717
80270,80270,80270
6697,6697,6697
2194,2194,2194
80025,53354,55229
80025,53354,55229
2194,2194,2194
2194,2194,2194
,,
8659,8659,8659
223,224,219
2194,2194,2194
2194,2194,2194
2194,2194,2194
2194,2194,2194
2194,2194,2194
2194,2194,2194
2194,2194,2194
30,30,30
51,8310,8310
249,249,249
2643,2643,2643
2643,2643,2643
2194,2194,2194
2194,2194,2194
1962,1962,1962
3295,3295,3295
1962,1962,1962
1962,1962,1962
3033,3030,3032
3295,3295,3295
1962,1962,1962
1962,1962,1962
3033,3030,3032
3295,3295,3295
3032,3030,3032
3033,3030,3032
1962,1962,1962
1962,1962,1962
1962,1962,1962
3033,3030,3032
1962,1962,1962
10449,30,30
3033,3030,3032
1962,1962,1962
51102,51102,51102
2720,2720,2720
128,128,128
,,
3295,3295,3295
3295,3295,3295
1109,1109,1109
1109,1109,1109
222,222,222
222,222,222
222,222,222
222,222,222
222,222,222
222,222,222
223,224,219
2194,2194,2194
2194,2194,2194
2194,2194,2194
2194,2194,2194
2194,2194,2194
2194,2194,2194
2194,2194,2194
2194,2194,2194
2194,2194,2194
2194,2194,2194
2194,2194,2194
2194,2194,2194
2194,2194,2194
7389,7389,7389
2643,2643,2643
2643,2643,2643
2643,2643,2643
2643,2643,2643
26275,26275,26275
1595,1595,1595
7264,7264,7264
1718,1718,1718
,,
8879,8879,8879
8611,8611,8612
,,
,,
55825,51102,51102
4524,4524,4524
,,
,,
570,570,570
,,
,,
51478,51478,51478
,,
1629,593,594
7371,83549,7371
6646,6646,6646
6646,6646,6646
6646,6646,6646
6646,6646,6646
6646,6646,6646
6646,6646,6646
6646,6646,6646
6646,6646,6646
3988,3988,3988
3988,3988,3988
3988,3988,3988
3988,3988,3988
3988,3988,3988
3988,3988,3988
3988,3988,3988
3988,3988,3988
3988,3988,3988
3988,3988,3988
3988,3988,3988
3988,3988,3988
3988,3988,3988
2180,23305,2180
2180,23305,2180
2180,23305,2180
2180,23305,2180
2180,23305,2180
2180,23305,2180
2180,23305,2180
2180,23305,2180
54995,54995,54995
2194,2194,2194
2194,2194,2194
,,
,,
,,
,,
,,
,,
,,
,,
,,
,,
1118,1118,1118
,,
128,128,128
1718,1718,1718
2356,2356,2356
8836,8836,8836
,,
,,
178,178,178
178,178,178
2720,2720,2720
762,377677,771
6241,6241,50484
6241,6241,50484
51,8310,8310
51,8310,8310
51,8310,8310
51,8310,8310
51,8310,8310
51,8310,8310
51,8310,8310
51,8310,8310
51,8310,8310
,,
,,
33,33,33
1962,1962,1962
1962,1962,1962
3032,3030,3032
2180,23305,2180
,,
,,
10400,10400,10400
10400,10400,10400
,,
10965,11332,11332
122970,10005,10005
10327,10327,10327
,,
,,
,,
4833,4833,4833
4830,4830,4830
,,
50484,50484,50484
,,
3033,3295,3295
3295,3295,3295
,,
60481,60481,60481
,,
,,
,,
60481,60481,60481
,,
,,
,,
,,
,,
,,
,,
,,
10965,11332,11332
122970,10005,10005
641371,641371,641371
10965,11332,11332
122970,10005,10005
641371,641371,641371
10965,11332,11332
122970,10005,10005
,,
,,
,,
64834,64834,64834
,,
,,
,,
8639,8639,8639
26,26,26
26,26,26
8639,8639,8639
26,26,26
26,26,26
8639,8639,8639
26,26,26
26,26,26
,,
9588,9588,9588
4025,4025,4025
9588,9588,9588
,,
4353,4353,4353
8639,8639,8639
26,26,26
26,26,26
8639,8639,8639
26,26,26
26,26,26
,,
5092,5092,84105
,,
,,
,,
412,412,412
412,412,412
6818,25830,6818
,,
280,280,279
,,
412,412,412
412,412,412
,,
412,412,412
412,412,412
54658,54658,54658
7363,54577,7367
54658,54658,54658
7363,54577,7367
54658,54658,54658
7363,54577,7367
54658,54658,54658
7363,54577,7367
54658,54658,54658
7363,54577,7367
54658,54658,54658
7363,54577,7367
54658,54658,54658
7363,54577,7367
,,
280,280,279
54658,54658,54658
7363,54577,7367
54658,54658,54658
7363,54577,7367
,,
280,280,279
59272,59272,59272
59272,59272,59272
59272,59272,59272
59272,59272,59272
59272,59272,59272
59272,59272,59272
,,
280,280,279
,,
280,280,279
9588,9588,9588
4025,4025,4025
9588,9588,9588
4353,4353,4353
,,
57486,57486,57486
,,
,,
,,
,,
1545,1545,5447
1586,1586,1586
412,412,412
412,412,412
412,412,412
412,412,412
412,412,412
412,412,412
412,412,412
412,412,412
,,
1545,1545,5447
1586,1586,1586
412,412,412
412,412,412
412,412,412
412,412,412
883,883,883
51166,56267,56267
,,
,,
,,
,,
,,
,,
,,
,,
,,
1591,1591,1591
,,
1591,1591,1591
,,
1591,1591,1591
,,
1591,1591,1591
,,
23396,8395,8394
,,
,,
,,
,,
,,
,,
,,
2180,23305,2180
2180,23305,2180
33,33,33
,,
33,33,33
,,
33,33,33
,,
,,
1892,3032,3030
1962,1962,1962
1892,3032,3030
1962,1962,1962
1892,3032,3030
1962,1962,1962
1892,3032,3030
1962,1962,1962
,,
3033,3030,3032
3295,3295,3295
,,
3033,3030,3032
3295,3295,3295
,,
3033,3030,3032
3295,3295,3295
,,
7084,7084,7084
3030,3032,3030
30,30,30
3030,3032,3030
30,30,30
3030,3032,3030
30,30,30
3030,3032,3030
30,30,30
,,
196743,196743,196743
,,
196743,196743,196743
,,
196743,196743,196743
10455,10455,10455
3295,3295,3295
,,
,,
51302,5447,51302
,,
,,
9420,5447,9420
,,
,,
,,
,,
,,
,,
,,
1576,1576,1576
,,
4257,4257,373156
4257,4257,4257
373156,373156,373156
,,
,,
7263,7263,7263
,,
,,
,,
,,
,,
5092,5092,84105
,,
137872,137872,137872
,,
3283,3284,3284
80270,80270,80270
,,
,,
1593,1593,1593
,,
1551,1551,1551
,,
1593,1593,1593
,,
,,
1551,1551,1551
,,
,,
1551,1551,1551
,,
1551,1551,1551
,,
4257,4257,373156
4257,4257,4257
373156,373156,373156
,,
4257,4257,373156
4257,4257,4257
373156,373156,373156
,,
4257,4257,373156
4257,4257,4257
373156,373156,373156
,,
4257,4257,373156
4257,4257,4257
373156,373156,373156
874,873,873
10901,10901,10901
10901,10901,10901
,,
1593,1593,1593
,,
1593,1593,1593
,,
1593,1593,1593
,,
1593,1593,1593
,,
1593,1593,1593
641371,10005,10005
10965,11332,11332
122970,10005,10005
641371,641371,641371
10965,11332,11332
122970,10005,10005
,,
6342,6342,6342
570,570,570
,,
570,570,570
570,570,570
,,
1267,1267,1267
,,
,,
,,
,,
,,
,,
1592,1592,1592
,,
1544,1544,1544
,,
1544,1544,1544
,,
,,
,,
373156,373156,373156
,,
,,
,,
,,
,,
,,
,,
,,
,,
,,
56603,56603,56603
,,
56603,56603,56603
,,
56603,56603,56603
,,
56603,56603,56603
,,
2053,2053,2053
2052,2052,2052
2053,2053,2053
,,
2053,2053,2053
2052,2052,2052
2053,2053,2053
23396,8395,8394
8396,8396,5305
,,
,,
,,
,,
,,
,,
,,
,,
,,
,,
,,
240,240,240
,,
,,
5743,5743,5742
8611,8611,8611
8613,8613,8613
8613,8613,8613
,,
,,
,,
,,
,,
,,
,,
10249,10249,10249
,,
1581,1581,1581
10249,10249,10249
,,
,,
,,
,,
,,
,,
,,
,,
,,
54658,54658,54658
7363,54577,7367
54658,54658,54658
54658,54658,54658
7363,54577,7367
54658,54658,54658
7363,54577,7367
54658,54658,54658
7363,54577,7367
,,
,,
,,
1589,1589,1589
,,
,,
,,
1593,1593,1593
,,
,,
1577,1576,1577
,,
,,
,,
,,
,,
,,
,,
,,
1215,1215,1215
,,
1357,1357,1357
,,
1200,1200,1200
,,
1357,1357,1357
,,
,,
373156,373156,373156
7177,7177,7177
29953,29953,29953
,,
4257,4257,373156
4257,4257,4257
373156,373156,373156
,,
4257,4257,373156
4257,4257,4257
373156,373156,373156
,,
,,
,,
,,
,,
883,883,883
51166,51166,51166
,,
8260,8260,8260
,,
,,
,,
,,
4051,4051,4051
,,
4051,4051,4051
,,
,,
,,
4051,4051,4051
,,
4051,4051,4051
54658,54658,54658
7363,54577,7367
54658,54658,54658
7363,54577,7367
,,
,,
1717,1717,1717
,,
10249,10249,10249
10249,10249,10249
10249,10249,10249
,,
,,
,,
,,
4257,4257,373156
,,
59272,1636,59272
59272,1636,59272
,,
56922,64087,64087
56922,64087,64087
,,
4051,5447,4051
1576,1576,1576
,,
,,
9588,9588,9588
4025,4025,4025
9588,9588,9588
4353,4353,4353
9588,9588,9588
4025,4025,4025
9588,9588,9588
4353,4353,4353
,,
,,
,,
373156,373156,373156
,,
373156,373156,373156
,,
373156,373156,373156
,,
373156,373156,373156
,,
,,
9365,9365,9365
9365,9365,9365
2990,2990,2990
,,
,,
,,
,,
,,
54658,54658,54658
7363,54577,7367
23600,23600,23600
23600,23600,23600
,,
1593,1593,1593
,,
1593,1593,1593
,,
1593,1593,1593
,,
1551,1551,1551
,,
10998,10998,10998
,,
1582,1582,1582
570,570,570
570,570,570
570,570,570
570,570,570
95,95,95
,,
91703,91703,91703
641371,641371,641371
10965,11332,11332
122970,10005,10005
,,
,,
,,
,,
,,
,,
5092,5092,84105
,,
9331,9331,9331
,,
,,
,,
,,
,,
9331,9331,7368
,,
,,
,,
2581,2581,2581
6818,6818,6818
9514,9514,9514
6818,6818,6818
9514,9514,9514
23600,23600,23600
3293,3293,3293
,,
,,
1545,1545,5447
,,
,,
,,
,,
,,
,,
,,
,,
,,
,,
,,
,,
,,
,,
,,
,,
,,
,,
,,
,,
,,
,,
,,
,,
,,
,,
,,
,,
,,
,,
,,
,,
,,
,,
,,
9588,9588,9588
4025,4025,4025
4353,4353,4353
,,
,,
,,
,,
3033,3030,3032
3295,3295,3295
,,
3033,3030,3032
3295,3295,3295
,,
3033,3030,3032
3295,3295,3295
2180,23305,2180
2180,23305,2180
37,37,37
51,8310,8310
37,37,37
51,8310,8310
37,37,37
51,8310,8310
3030,3032,3030
30,30,30
3030,3032,3030
30,30,30
1892,3032,3030
1962,1962,1962
1892,3032,3030
1962,1962,1962
1892,3032,3030
1962,1962,1962
,,
5315,5315,5315
,,
5298,5297,5297
5298,5297,5297
5298,5297,5297
5287,5286,5287
5287,5286,5287
23396,8395,8394
,,
8396,8396,5305
,,
1591,1591,1591
51,51,51
51,8309,8310
1962,1962,1962
3295,3295,3295
30,30,30
30,30,30
1962,1962,1962
3295,3295,3295
1962,10455,10455
1962,10455,10455
26063,26063,26063
51,8309,8310
1891,1891,1891
1891,1891,1891
26063,26063,26063
51,8309,8310
51,51,51
1962,10455,10455
1891,1891,1891
1666,1666,1666
1962,10455,10455
1962,10455,10455
1892,3032,3030
3033,3295,3295
3030,3032,3030
6818,6818,6818
874,873,873
10901,10901,10901
,,
10901,10901,10901
137872,137872,137872
,,
223,223,223
217,217,217
224,224,218
,,
51302,5447,51302
,,
4051,4051,4051
,,
4051,4051,4051
,,
,,
,,
4051,4051,4051
,,
4051,4051,4051
,,
4051,4051,4051
,,
,,
,,
240,240,240
,,
,,
,,
2053,2053,2053
,,
2052,2052,2052
2053,2053,2053
,,
2053,2053,2053
2052,2052,2052
2053,2053,2053
239,239,239
240,240,240
,,
240,240,240
,,
,,
5264,5264,5264
26061,26061,26061
,,
2180,23305,2180
,,
11001,11001,11001
,,
,,
11001,11001,11001
1962,1962,1962
3295,3295,3295
23600,23600,23600
51,8309,8310
51,8309,8310
1962,1962,1962
3295,3295,3295
51,8309,8310
30,30,30
1962,1962,1962
3295,3295,3295
9588,9588,9588
9588,9588,9588
,,
30,30,30
60481,60481,60481
60481,60481,60481
,,
,,
,,
,,
,,
60481,60481,60481
60481,60481,60481
,,
3283,3284,3284
3283,3284,3284
,,
,,
,,
,,
2180,23305,2180
,,
,,
60481,60481,60481
60481,60481,60481
,,
,,
,,
,,
,,
,,
60481,60481,60481
60481,60481,60481
,,
,,
,,
,,
,,
2180,23305,2180
7108,7108,7108
7108,7108,7108
10682,10682,10682
30,30,30
1962,1962,1962
3295,3295,3295
,,
1591,1591,1591
51,8309,8310
2180,23305,2180
,,
,,
60481,60481,60481
60481,60481,60481
,,
,,
60481,60481,60481
60481,60481,60481
,,
,,
,,
,,
,,
,,
,,
,,
3295,3295,3295
51,8309,8310
30,30,30
1962,1962,1962
,,
2180,23305,2180
60481,60481,60481
60481,60481,60481
,,
,,
,,
,,
,,
,,
60481,60481,60481
60481,60481,60481
,,
,,
,,
,,
,,
,,
,,
,,
60481,60481,60481
60481,60481,60481
,,
,,
,,
,,
,,
,,
60481,60481,60481
60481,60481,60481
,,
,,
,,
,,
3033,3295,3295
3033,3295,3295
3033,3295,3295
,,
,,
34,34,34
34,34,34
34,34,34
3030,3032,3030
3030,3032,3030
3030,3032,3030
1892,3032,3030
1892,3032,3030
1892,3032,3030
23600,23600,23600
,,
,,
412,412,412
412,412,412
412,412,412
412,412,412
412,412,412
412,412,412
60481,60481,60481
60481,60481,60481
60481,60481,60481
60481,60481,60481
60481,60481,60481
60481,60481,60481
,,
,,
,,
,,
,,
,,
,,
,,
,,
,,
,,
,,
,,
7299,7299,7299
7299,7299,7299
,,
,,
,,
,,
,,
,,
,,
,,
,,
60481,60481,60481
60481,60481,60481
,,
,,
,,
,,
,,
,,
,,
51,51,51
51,8309,8310
1892,3032,3030
1962,1962,1962
,,
3033,3295,3295
3295,3295,3295
,,
1593,1593,1593
,,
2053,2053,2053
2052,2052,2052
2053,2053,2053
2052,2052,2052
54658,54658,54658
7363,54577,7367
54658,54658,54658
7363,54577,7367
54658,54658,54658
7363,54577,7367
54658,54658,54658
7363,54577,7367
,,
8898,8897,8898
,,
,,
5338,5338,5338
5337,5337,5337
5337,5337,5337
,,
51302,5447,51302
,,
9420,5447,9420
,,
9420,5447,9420
,,
9420,5447,9420
,,
5338,5338,5338
5337,5337,5337
5337,5337,5337
874,873,873
10901,10901,10901
10901,10901,10901
,,
,,
,,
,,
,,
,,
594,594,594
,,
51,8309,8310
23305,23305,23305
2180,23305,2180
2180,23305,2180
2180,23305,2180
3030,3032,3030
30,30,30
1892,3032,3030
1962,1962,1962
3028,3028,3028
3033,3295,3295
3295,3295,3295
641371,641371,641371
10965,11332,11332
122970,10005,10005
3028,3028,3028
3033,3295,3295
3295,3295,3295
,,
51,8309,8310
3030,3032,3030
30,30,30
641371,641371,641371
10965,11332,11332
122970,10005,10005
1892,3032,3030
1962,1962,1962
23305,23305,23305
2180,23305,2180
2180,23305,2180
2180,23305,2180
223,223,223
217,217,217
224,224,218
,,
,,
8639,8639,8639
26,26,26
26,26,26
,,
4051,4051,4051
,,
,,
9365,9365,9365
9365,9365,9365
2990,2990,2990
3030,3032,3030
3030,3032,3030
,,
1892,3032,3030
3033,3295,3295
3030,3032,3030
,,
1892,3032,3030
1666,1666,1666
1666,1666,1666
3033,3295,3295
3030,3032,3030
,,
3030,3032,3030
,,
1892,3032,3030
3033,3295,3295
3030,3032,3030
1892,3032,3030
3033,3295,3295
1666,1666,1666
1666,1666,1666
,,
,,
,,
,,
,,
,,
,,
,,
,,
,,
,,
,,
,,
,,
,,
873,873,873
,,
,,
,,
874,873,873
10901,10901,10901
10901,10901,10901
,,
4051,4051,4051
,,
4051,4051,4051
,,
4051,4051,4051
,,
,,
4051,4051,4051
3030,3032,3030
30,30,30
641371,641371,641371
10965,11332,11332
122970,10005,10005
,,
51,8309,8310
23305,23305,23305
2180,23305,2180
2180,23305,2180
2180,23305,2180
1892,3032,3030
1962,1962,1962
3028,3028,3028
3033,3295,3295
3295,3295,3295
,,
,,
,,
,,
,,
,,
,,
,,
,,
,,
,,
,,
,,
4051,4051,4051
,,
874,873,873
10901,10901,10901
10901,10901,10901
,,
4051,4051,4051
,,
240,240,240
874,873,873
10901,10901,10901
10901,10901,10901
,,
240,240,240
,,
,,
5743,5743,5742
5743,5743,5742
5743,5743,5743
,,
,,
,,
,,
,,
,,
10728,10728,10728
240,240,240
,,
,,
2053,2053,2053
2052,2052,2052
2053,2053,2053
874,873,873
10901,10901,10901
,,
240,240,240
,,
4051,4051,4051
,,
10400,10400,10400
10400,10400,10400
,,
240,240,240
,,
,,
4051,4051,4051
,,
,,
4051,4051,4051
2053,2053,2053
2052,2052,2052
2053,2053,2053
,,
,,
,,
,,
,,
4257,4257,373156
4257,4257,4257
373156,373156,373156
,,
4051,4051,4051
,,
239,239,239
,,
,,
,,
,,
239,239,239
,,
,,
,,
4257,4257,373156
4257,4257,4257
,,
4257,4257,373156
4257,4257,4257
,,
4257,4257,373156
4257,4257,4257
,,
,,
,,
,,
,,
,,
,,
4257,4257,373156
4257,4257,4257
,,
,,
4257,4257,373156
4257,4257,4257
3030,3032,3030
30,30,30
641371,641371,641371
10965,11332,11332
122970,10005,10005
,,
51,8309,8310
23305,23305,23305
2180,23305,2180
2180,23305,2180
2180,23305,2180
1892,3032,3030
1962,1962,1962
3028,3028,3028
3033,3295,3295
3295,3295,3295
,,
,,
,,
,,
,,
,,
5743,5743,5742
3295,3295,3295
3295,3295,3295
122970,10005,10005
30,30,30
51,8309,8310
2180,23305,2180
1962,1962,1962
51,8309,8310
26063,26063,26063
1962,10455,10455
1962,1962,1962
122970,10005,10005
,,
10728,10728,10728
874,873,873
10901,10901,10901
10901,10901,10901
874,873,873
10901,10901,10901
10901,10901,10901
,,
51,8309,8310
,,
,,
,,
,,
,,
,,
,,
2327,2328,2330
,,
,,
,,
,,
1580,1576,29785
2053,2053,2053
2052,2052,2052
2053,2053,2053
2053,2053,2053
2052,2052,2052
2053,2053,2053
2053,2053,2053
2052,2052,2052
2053,2053,2053
,,
9420,5447,9420
2053,2053,2053
2052,2052,2052
2053,2053,2053
,,
9420,5447,9420
,,
9420,5447,9420
2053,2053,2053
2052,2052,2052
2053,2053,2053
,,
9420,5447,9420
3293,3293,3293
,,
54677,54677,54677
10005,10005,10005
1374,126129,1375
1374,126129,1375
1374,126129,1375
1374,126129,1375
1374,126129,1375
1374,126129,1375
1374,126129,1375
10005,10005,10005
,,
1374,126129,1375
1374,126129,1375
1374,126129,1375
1374,126129,1375
1374,126129,1375
1374,126129,1375
1374,126129,1375
1374,126129,1375
1374,126129,1375
1374,126129,1375
1374,126129,1375
1374,126129,1375
1374,126129,1375
1374,126129,1375
1374,126129,1375
1376,1376,1376
1374,126129,1375
54677,54677,54677
1374,126129,1375
1374,126129,1375
1374,126129,1375
54677,54677,54677
1374,126129,1375
1374,126129,1375
1374,126129,1375
1374,126129,1375
81616,23205,23205
34,34,34
51,51,51
10449,3033,3033
30,1962,1962
1632,1632,1632
1962,10455,10455
1666,1666,1666
26063,26063,26063
34,34,34
51,51,51
10449,3033,3033
30,1962,1962
1632,1632,1632
1962,10455,10455
1666,1666,1666
26063,26063,26063
,,
51,1962,1962
8310,1962,1962
10449,3033,3033
10449,3033,3033
30,1962,1962
1962,10455,10455
10449,3033,3033
1632,1632,1632
1962,10455,10455
10449,3033,3033
30,1962,1962
1632,1632,1632
1962,10455,10455
34,1892,1892
51,1962,1962
1374,126129,1375
54677,54677,54677
8310,1962,1962
3032,3030,3032
3032,3030,3032
51,1962,1962
3030,3030,3030
51,1962,1962
3030,3030,3030
3032,3030,3032
51,1962,1962
3030,3030,3030
51,1962,1962
11001,11001,11001
8310,1962,1962
3032,3030,3032
26061,26061,224
26061,26061,224
3032,3030,3032
51,1962,1962
3030,3030,3030
3032,3030,3032
3030,3030,3030
30,1962,1962
3032,3030,3032
37,37,37
51,51,51
3032,3030,3032
1632,1632,1632
1962,10455,10455
3032,3030,3032
30,1962,1962
26063,26063,26063
37,37,37
51,51,51
1666,1666,1666
1632,1632,1632
1962,10455,10455
1666,1666,1666
26063,26063,26063
11001,11001,11001
3030,3030,3030
51,1962,1962
51703,51703,51703
8529,8529,8529
3032,3030,3032
51,1962,1962
3030,3030,3030
3032,3030,3032
3030,3030,3030
3032,3030,3032
3032,3030,3032
3032,3030,3032
30,1962,1962
3032,3030,3032
51,1962,1962
1632,1632,1632
1962,10455,10455
3032,3030,3032
1632,1632,1632
3030,3030,3030
51,1962,1962
3032,3030,3032
51,51,51
30,1962,1962
3032,3030,3032
51,1962,1962
3032,3030,3032
30,1962,1962
37,37,37
51,51,51
1632,1632,1632
1962,10455,10455
3032,3030,3032
1666,1666,1666
26063,26063,26063
37,37,37
1632,1632,1632
1666,1666,1666
51,1962,1962
8529,8529,8529
8529,8529,8529
51,51,51
51,1962,1962
1374,126129,1375
1374,126129,1375
35,35,35
1374,126129,1375
,,
1374,126129,1375
10449,3033,3033
30,1962,1962
1632,1632,1632
1962,10455,10455
51,1962,1962
51,1962,1962
10449,3033,3033
10449,3033,3033
51,1962,1962
51,1962,1962
51,1962,1962
,,
10449,3033,3033
8529,8529,8529
224,128,224
224,128,224
224,128,224
34,34,34
1666,1666,1666
10449,3033,3033
1632,1632,1632
3032,3030,3032
3032,3030,3032
3032,3030,3032
30,1962,1962
,,
,,
1374,126129,1375
1376,1376,1376
10005,10005,10005
,,
54677,54677,54677
10005,10005,10005
54677,54677,54677
,,
,,
54677,54677,54677
122970,10005,10005
55748,55748,55748
,,
,,
,,
55748,55748,55748
55748,1800,55748
5184,5184,5184
1200,1200,1200
,,
,,
,,
51056,51056,51056
,,
,,
,,
,,
5184,5184,5184
,,
,,
,,
1594,1594,1594
,,
,,
54576,54576,54576
6646,6646,6646
3988,3988,3988
,,
,,
4597,4597,4597
1718,1718,1718
1841,1841,1841
,,
5167,5167,5167
2109,2109,2109
9843,9843,9843
52,52,52
,,
,,
5226,5226,5226
3156,3156,3156
,,
,,
3422,3422,3422
,,
,,
,,
4598,4598,4598
4524,4524,4524
65263,65263,65263
,,
10654,10654,10654
,,
58510,58510,58510
,,
,,
23474,23474,23474
133686,133686,133686
,,
,,
,,
,,
,,
,,
,,
,,
,,
,,
,,
,,
,,
,,
,,
,,
,,
,,
,,
,,
4036,2638,2638
,,
89874,89874,89874
9194,6566,9123
8671,8671,8671
,,
89874,89874,89874
,,
117247,117247,117247
,,
,,
,,
,,
,,
,,
8604,10165,10165
,,
,,
,,
,,
,,
,,
,,
,,
,,
,,
4363,4363,4363
,,
,,
,,
,,
,,
,,
6573,6573,6573
,,
6571,6570,6571
6573,6573,6573
,,
,,
,,
,,
,,
,,
,,
,,
,,
,,
,,
,,
,,
,,
,,
206358,206358,206358
206358,206358,206358
6529,6529,6539
9194,6566,6566
6566,6566,6566
,,
,,
,,
,,
,,
9197,9197,9197
,,
9197,9197,9197
9194,6566,9123
6566,6566,6566
,,
,,
,,
,,
,,
,,
,,
,,
,,
,,
,,
,,
6572,6572,6572
,,
,,
,,
,,
,,
,,
,,
,,
26503,26503,26503
,,
,,
,,
788,788,788
,,
,,
,,
3177,3177,3177
55315,55315,55315
,,
2030,2030,3177
64078,9153,9153
55315,55315,55315
2030,2030,2030
952,952,952
,,
,,
788,788,788
6571,6570,6571
,,
,,
,,
4363,4363,4363
,,
,,
,,
,,
1468,8402,8402
64849,64849,64849
,,
6510,6510,6510
6510,6509,6510
6520,56301,56301
6520,56301,56301
6520,56301,56301
6510,6510,6510
6520,56301,56301
6510,6509,6510
206358,206358,206358
206358,206358,206358
54407,54407,54407
6510,6509,6510
92745,92745,92745
,,
,,
,,
115286,115286,115286
,,
,,
,,
4363,4363,4363
,,
,,
,,
,,
,,
,,
,,
,,
,,
,,
788,788,788
,,
10998,10998,10998
,,
,,
9057,9057,9057
11254,11254,11254
6542,6542,6541
10166,10166,10166
,,
,,
9962,9962,9963
6510,6510,6510
6510,6510,6510
6510,6510,6510
6510,6510,6510
54407,54407,54407
6510,6510,6510
,,
92745,92745,92745
,,
6507,6506,6505
,,
8604,10165,10165
6507,6506,6505
,,
,,
523,528,51606
9551,9551,9551
293,293,292
,,
,,
29881,29881,29881
,,
,,
140679,140679,140679
,,
,,
10599,10599,10599
4363,8714,4363
,,
28234,10599,28234
4363,4363,4363
,,
10599,10599,10599
,,
,,
6566,6566,6566
6566,6566,6566
8884,8884,8884
80704,80704,80704
,,
6566,6566,6566
6566,6566,6566
,,
,,
,,
788,788,788
788,788,788
788,788,788
788,788,788
788,788,788
,,
,,
493,492,490
10057,10057,10257
,,
,,
6546,6543,6546
166785,166785,166785
,,
,,
10087,10087,10087
10087,10087,10087
10087,10087,10087
10087,10087,10087
6565,6565,6565
10057,10057,10257
,,
10599,6579,6579
6554,6554,6554
8647,8714,8714
,,
,,
60482,60482,60482
,,
,,
,,
6584,6584,6584
19,19,19
10948,10948,10948
,,
,,
19,19,19
10166,10166,10166
9058,9058,9058
6576,6576,6576
6576,6576,6576
5172,5172,5172
65010,65010,65010
5172,5172,5172
65010,65010,65010
65010,65010,65010
,,
788,788,788
,,
10559,10559,10559
,,
,,
,,
,,
,,
,,
,,
,,
,,
8034,8034,8034
,,
,,
,,
,,
,,
6535,6535,6535
,,
,,
,,
1384,1384,1384
6584,6584,6584
6583,6583,6583
788,788,788
6584,6584,6584
,,
,,
,,
,,
,,
,,
,,
,,
3177,3177,3177
,,
,,
,,
,,
,,
,,
,,
,,
,,
,,
,,
,,
,,
7386,7386,7386
7386,7386,7386
6510,6509,6510
6510,6510,6510
6510,6510,6510
6520,8140,8140
6520,23428,23428
6510,6509,6510
124935,124935,124935
23657,23657,23657
6510,6509,6510
11136,11136,11136
2030,2030,3177
64078,9154,64078
55315,55315,55315
2030,2030,2030
,,
,,
3177,3177,3177
,,
,,
206358,206358,206358
206358,206358,206358
,,
,,
,,
788,788,788
,,
,,
3177,3177,3177
6582,6582,6582
,,
,,
,,
3177,3177,3177
,,
,,
6517,6513,6515
,,
11309,11309,11309
,,
,,
,,
,,
1723,1723,1723
,,
,,
,,
,,
,,
3177,3177,3177
,,
9194,6566,9123
6566,6566,6566
788,788,788
10998,10998,10998
,,
,,
,,
,,
,,
,,
60386,60386,60386
60386,60386,60386
60386,60386,60386
60386,60386,60386
60386,60386,60386
60386,60386,60386
60386,60386,60386
,,
,,
,,
,,
60386,60386,60386
60386,60386,60386
60386,60386,60386
60386,60386,60386
,,
,,
,,
,,
60386,60386,60386
60386,60386,60386
60386,60386,60386
60386,60386,60386
60386,60386,60386
60386,60386,60386
60386,60386,60386
60386,60386,60386
60386,60386,60386
60386,60386,60386
60386,60386,60386
60386,60386,60386
60386,60386,60386
60386,60386,60386
60386,60386,60386
60386,60386,60386
60386,60386,60386
60386,60386,60386
60386,60386,60386
60386,60386,60386
60386,60386,60386
60386,60386,60386
60386,60386,60386
60386,60386,60386
60386,60386,60386
60386,60386,60386
60386,60386,60386
60386,60386,60386
60386,60386,60386
60386,60386,60386
60386,60386,60386
60386,60386,60386
60386,60386,60386
60386,60386,60386
,,
,,
,,
,,
,,
6530,6530,6531
6581,6581,6584
6571,6570,6571
,,
,,
,,
,,
,,
,,
3177,3177,3177
,,
,,
,,
,,
,,
,,
788,788,788
,,
788,788,788
11001,11001,11001
53919,28231,28231
,,
,,
,,
4363,4363,4363
,,
,,
8714,8714,8714
,,
53919,11309,11309
6554,6554,6554
,,
,,
,,
,,
,,
,,
,,
,,
,,
,,
11000,376497,10999
376497,376497,376497
376497,376497,376497
10998,10998,10998
10998,10998,10998
11001,10998,11001
11001,10998,11001
11001,10998,11001
11001,10998,11001
,,
,,
6573,6573,6573
,,
,,
,,
,,
,,
,,
6518,29988,6518
200010,200010,125206
,,
,,
,,
,,
,,
,,
,,
,,
,,
,,
,,
,,
,,
,,
,,
,,
,,
,,
,,
,,
,,
,,
,,
,,
,,
,,
,,
1468,1468,1468
1468,1468,1468
1468,1468,1468
1468,1468,1468
,,
,,
,,
,,
,,
,,
2820,2820,2820
2542,2542,2542
140679,140679,140679
,,
,,
,,
,,
,,
,,
,,
,,
,,
,,
,,
,,
,,
,,
,,
6515,29988,6515
6523,6523,6523
200010,200010,125206
,,
6517,6513,6513
,,
,,
28234,6579,6579
6554,6554,6554
8647,8714,8714
,,
,,
,,
,,
,,
,,
55343,55343,55343
,,
79017,79017,79017
,,
,,
6523,6523,6523
6526,6526,6526
,,
6513,6513,6513
,,
,,
26503,26503,26503
6510,6510,6510
6510,6510,6510
6510,6510,6510
6510,6510,6510
54407,54407,54407
6510,6510,6510
,,
92745,92745,92745
83733,10165,79751
6507,6506,6505
,,
,,
57030,57030,57030
,,
,,
6539,6539,6539
,,
,,
,,
,,
206358,206358,206358
206358,206358,206358
54407,54407,54407
6536,6536,6536
,,
,,
140679,140679,140679
,,
,,
,,
,,
,,
,,
,,
,,
,,
,,
2030,2030,3177
55315,55315,55315
2030,2030,2030
,,
,,
,,
,,
2678,2678,2678
,,
3177,3177,3177
,,
,,
,,
,,
,,
,,
,,
358,358,358
,,
,,
,,
343,343,343
,,
,,
3036,3038,3037
3036,3038,3037
,,
6522,6508,6522
,,
,,
11001,11001,11001
,,
,,
,,
,,
788,788,788
,,
54407,54407,54407
6581,6581,6584
6571,6570,6571
55089,55089,55089
10991,10991,10991
496,496,496
,,
,,
6542,6542,6541
,,
788,788,788
,,
,,
,,
,,
,,
,,
,,
,,
,,
,,
,,
7351,9481,7351
,,
,,
55315,55315,55315
,,
3177,3177,3177
26503,26503,26503
,,
,,
8501,8501,124935
2030,2030,3177
55315,55315,55315
2030,2030,2030
114134,114134,114134
6526,6526,6526
,,
,,
160728,160728,160728
,,
6560,6560,9990
6560,57468,9990
,,
,,
,,
,,
,,
,,
23315,84679,84679
,,
,,
387775,387775,387775
,,
387775,387775,387775
,,
28234,10599,28234
,,
,,
387775,387775,387775
387775,387775,387775
,,
8501,8501,124935
,,
788,788,788
,,
8884,8884,8884
124637,124637,124637
9194,6566,9123
160728,160728,160728
366,366,366
6566,6566,6566
788,788,788
,,
,,
10998,10998,10998
788,788,788
10998,10998,10998
788,788,788
10998,10998,10998
,,
6584,6584,11254
6542,6542,6541
,,
10166,10166,10166
,,
,,
,,
,,
,,
1468,1468,1468
1468,1468,1468
1468,1468,1468
1468,1468,1468
6515,6515,6515
6515,6513,6515
200010,200010,125206
,,
,,
,,
,,
,,
,,
,,
,,
8140,8140,8140
8501,8501,124935
,,
,,
,,
,,
,,
,,
,,
,,
,,
4701,4701,4701
,,
,,
,,
,,
,,
,,
,,
,,
9498,9498,9498
6528,6528,6528
476,476,483
6526,6526,6523
6548,6548,6550
23315,84679,84679
6548,6548,6550
,,
6559,6559,6559
57419,25769,123041
9187,25769,9187
57127,57127,6005
,,
,,
,,
6558,6558,6558
6558,6558,6558
,,
,,
,,
6530,6530,6531
6581,6581,6581
6571,6570,6571
,,
788,788,788
,,
,,
,,
,,
,,
,,
,,
,,
,,
,,
,,
,,
,,
,,
,,
,,
,,
10998,10998,10998
,,
,,
,,
,,
,,
,,
10166,10166,10166
10166,10166,10166
6542,6542,6541
1836,10861,1811
,,
,,
,,
,,
,,
,,
,,
,,
347734,347734,347734
,,
57194,57194,57194
,,
,,
,,
,,
788,788,788
,,
,,
,,
57194,5244,10396
57194,57194,10396
,,
,,
,,
,,
,,
,,
54407,54407,54407
8501,8501,124935
,,
,,
5250,5250,5250
10568,10786,10050
2542,2542,2542
,,
,,
,,
8884,8884,8884
,,
,,
,,
,,
,,
,,
,,
,,
,,
,,
,,
,,
,,
206358,206358,206358
206358,206358,206358
6578,6578,6578
6578,6578,6578
10257,10257,10257
28231,6578,28232
6582,6580,6580
10257,10257,10257
6582,6580,6580
,,
,,
,,
206358,206358,206358
206358,206358,206358
,,
,,
,,
57194,57194,10396
57194,57194,10396
,,
788,788,788
,,
,,
,,
,,
,,
,,
6566,6566,6566
9194,6566,6566
9194,6566,9123
,,
,,
,,
,,
,,
,,
,,
,,
,,
,,
,,
,,
,,
64220,5950,5950
113278,113278,113278
,,
,,
788,788,788
,,
,,
,,
,,
,,
,,
,,
,,
,,
6342,6342,6342
6342,6342,6342
,,
,,
6561,6561,6561
,,
6510,6509,6510
6510,6510,6510
6510,6509,6510
6520,56301,56301
6520,56301,56301
6520,56301,56301
6510,6510,6510
6520,56301,56301
6519,6519,6519
54407,54407,54407
6510,6509,6510
92745,92745,92745
,,
,,
,,
,,
65010,65010,65010
115111,10861,1811
65010,65010,65010
26266,26266,26266
,,
,,
,,
,,
,,
,,
,,
,,
,,
,,
,,
6532,6532,6532
6582,6580,6580
788,788,788
,,
1468,1468,1468
9058,9058,9058
6821,6821,6821
,,
6533,6533,6533
6533,6533,6533
,,
28231,28231,28231
6554,6554,6554
8647,8714,8714
,,
,,
,,
,,
,,
,,
,,
,,
,,
788,788,788
,,
,,
788,788,788
,,
,,
788,788,788
,,
,,
23530,23530,23530
6573,6573,6573
,,
,,
64078,9154,64078
6573,6573,6573
,,
,,
,,
80704,10560,10560
6573,6573,6573
,,
6510,6509,6510
6510,6510,6510
6510,6509,6510
6520,56301,56301
6510,6510,6510
6520,56301,56301
6510,6509,6510
54407,54407,54407
2030,2030,3177
55315,55315,55315
2030,2030,2030
3177,3177,3177
53919,28231,28231
6567,6567,6567
,,
,,
788,788,788
,,
,,
,,
53919,28231,28231
6567,6567,6567
117247,117247,120103
11254,11254,11254
4363,4363,4363
,,
,,
,,
,,
6561,6561,6561
11001,11001,11001
788,788,788
,,
,,
,,
117247,117247,117247
11254,11254,11254
,,
,,
7355,7355,7355
23169,23169,23169
,,
,,
84912,84912,23443
,,
,,
84912,84912,84912
23169,23169,23169
7355,7355,7355
11046,11046,11046
,,
3177,3177,3177
,,
,,
8170,6563,6523
6523,6523,6523
366,366,366
2030,2030,3177
64078,9153,9153
55315,55315,55315
2030,2030,2030
,,
,,
788,788,788
,,
,,
8501,8501,124935
,,
,,
,,
,,
,,
,,
,,
,,
,,
,,
,,
,,
,,
,,
,,
,,
,,
,,
,,
,,
,,
,,
,,
,,
6515,6515,6515
,,
,,
,,
,,
2820,2820,2820
293,293,293
,,
,,
8714,8714,8714
,,
,,
,,
,,
,,
,,
,,
1468,1468,1468
1468,1468,1468
1468,1468,1468
1468,1468,1468
1468,1468,1468
,,
,,
,,
,,
,,
23443,23443,23443
,,
,,
,,
,,
,,
89874,60386,60386
1468,1468,1468
,,
,,
,,
,,
,,
,,
,,
6576,6576,6576
6576,6576,6576
6576,6576,6576
,,
64240,64241,64240
,,
,,
,,
,,
,,
6533,6533,6533
,,
,,
,,
,,
6535,6535,6535
11136,11136,11136
83884,83884,83884
,,
6566,6566,6566
1356,1356,1356
1356,1356,1356
,,
2350,2350,2352
,,
,,
,,
,,
,,
10998,10998,10998
10998,10998,10998
,,
,,
,,
,,
,,
6554,6554,6554
1244,1244,1244
,,
788,788,788
54677,54677,54677
,,
,,
,,
,,
,,
,,
,,
,,
,,
,,
,,
,,
,,
,,
,,
,,
,,
,,
,,
,,
,,
,,
8647,8647,8647
,,
8647,8647,8647
,,
,,
64078,9154,64078
64078,9154,64078
64078,9153,9153
,,
,,
55089,55089,55089
,,
,,
,,
,,
,,
,,
,,
,,
,,
,,
,,
,,
,,
,,
,,
,,
,,
,,
,,
,,
6576,6576,6576
,,
,,
9194,6566,6566
,,
,,
,,
,,
,,
,,
,,
,,
,,
,,
,,
,,
,,
,,
,,
,,
,,
,,
,,
,,
83884,83884,83884
,,
,,
,,
,,
,,
9194,6566,6566
,,
,,
,,
,,
3764,3764,3764
,,
6554,6554,6554
6554,6554,6554
6554,6554,6554
6554,6554,6554
6554,6554,6554
6554,6554,6554
6554,6554,6554
6554,6554,6554
,,
19,19,19
19,19,19
19,19,19
19,19,19
19,19,19
19,19,19
19,19,19
19,19,19
19,19,19
19,19,19
19,19,19
19,19,19
,,
,,
19,19,19
10057,10057,10057
10057,10057,10057
10057,10057,10057
10057,10057,10057
10257,10257,10257
57835,57835,57835
8140,8140,8140
8140,8140,8140
8140,8140,8140
8140,8140,8140
8140,8140,8140
8140,8140,8140
8140,8140,8140
8140,8140,8140
8140,8140,8140
8140,8140,8140
8140,8140,8140
8140,8140,8140
8140,8140,8140
8140,8140,8140
8140,8140,8140
8140,8140,8140
8140,8140,8140
8140,8140,8140
8140,8140,8140
8140,8140,8140
8140,8140,8140
8140,8140,8140
8140,8140,8140
8140,8140,8140
8140,8140,8140
8140,8140,8140
8140,8140,8140
8140,8140,8140
8140,8140,8140
8140,8140,8140
8140,8140,8140
8140,8140,8140
8140,8140,8140
8140,8140,8140
8140,8140,8140
8140,8140,8140
8140,8140,8140
8140,8140,8140
8140,8140,8140
8140,8140,8140
8140,8140,8140
8140,8140,8140
8140,8140,8140
8140,8140,8140
8140,8140,8140
8140,8140,8140
8140,8140,8140
8140,8140,8140
8140,8140,8140
8140,8140,8140
8140,8140,8140
8140,8140,8140
8140,8140,8140
8140,8140,8140
8140,8140,8140
8140,8140,8140
8140,8140,8140
8140,8140,8140
8140,8140,8140
8140,8140,8140
8140,8140,8140
8140,8140,8140
8140,8140,8140
8140,8140,8140
8140,8140,8140
8140,8140,8140
8140,8140,8140
8140,8140,8140
8140,8140,8140
8140,8140,8140
8140,8140,8140
8140,8140,8140
8140,8140,8140
8140,8140,8140
8140,8140,8140
8140,8140,8140
8140,8140,8140
8140,8140,8140
8140,8140,8140
8140,8140,8140
8140,8140,8140
8140,8140,8140
8140,8140,8140
8140,8140,8140
8140,8140,8140
8140,8140,8140
8140,8140,8140
8140,8140,8140
8140,8140,8140
8140,8140,8140
8140,8140,8140
8140,8140,8140
8140,8140,8140
8140,8140,8140
8140,8140,8140
8140,8140,8140
8140,8140,8140
8140,8140,8140
8140,8140,8140
8140,8140,8140
8140,8140,8140
8140,8140,8140
9057,9057,9057
9057,9057,9057
9057,9057,9057
9057,9057,9057
9057,9057,9057
9057,9057,9057
9057,9057,9057
9057,9057,9057
9057,9057,9057
9057,9057,9057
9057,9057,9057
9057,9057,9057
9057,9057,9057
9057,9057,9057
9057,9057,9057
9057,9057,9057
9057,9057,9057
9057,9057,9057
9057,9057,9057
9057,9057,9057
9057,9057,9057
9057,9057,9057
9057,9057,9057
9057,9057,9057
9057,9057,9057
9057,9057,9057
9057,9057,9057
9057,9057,9057
9057,9057,9057
9057,9057,9057
9057,9057,9057
9057,9057,9057
9057,9057,9057
9057,9057,9057
9057,9057,9057
9057,9057,9057
9057,9057,9057
9057,9057,9057
9057,9057,9057
9057,9057,9057
9057,9057,9057
9057,9057,9057
9057,9057,9057
9057,9057,9057
9057,9057,9057
9057,9057,9057
9057,9057,9057
9057,9057,9057
9057,9057,9057
9057,9057,9057
9057,9057,9057
9057,9057,9057
9057,9057,9057
9057,9057,9057
9057,9057,9057
9057,9057,9057
9057,9057,9057
9057,9057,9057
9057,9057,9057
9057,9057,9057
9057,9057,9057
9057,9057,9057
9057,9057,9057
9057,9057,9057
9057,9057,9057
9057,9057,9057
9057,9057,9057
9057,9057,9057
9057,9057,9057
9057,9057,9057
9057,9057,9057
9057,9057,9057
9057,9057,9057
9057,9057,9057
9057,9057,9057
9057,9057,9057
9057,9057,9057
9057,9057,9057
9057,9057,9057
9057,9057,9057
9057,9057,9057
9057,9057,9057
9057,9057,9057
9057,9057,9057
9057,9057,9057
9057,9057,9057
9057,9057,9057
9057,9057,9057
9057,9057,9057
9057,9057,9057
9057,9057,9057
9057,9057,9057
9057,9057,9057
9057,9057,9057
9057,9057,9057
9057,9057,9057
9057,9057,9057
9057,9057,9057
9057,9057,9057
9057,9057,9057
9057,9057,9057
9057,9057,9057
9057,9057,9057
9057,9057,9057
9057,9057,9057
9057,9057,9057
9057,9057,9057
9057,9057,9057
9057,9057,9057
9057,9057,9057
9057,9057,9057
9057,9057,9057
9057,9057,9057
9057,9057,9057
9057,9057,9057
9057,9057,9057
9057,9057,9057
9057,9057,9057
9057,9057,9057
9057,9057,9057
9057,9057,9057
9057,9057,9057
9057,9057,9057
9057,9057,9057
9057,9057,9057
9057,9057,9057
9057,9057,9057
9057,9057,9057
9057,9057,9057
9057,9057,9057
9057,9057,9057
9057,9057,9057
9057,9057,9057
9057,9057,9057
9057,9057,9057
9057,9057,9057
9057,9057,9057
9057,9057,9057
9057,9057,9057
9057,9057,9057
9057,9057,9057
9057,9057,9057
9057,9057,9057
9057,9057,9057
9057,9057,9057
9057,9057,9057
9057,9057,9057
9057,9057,9057
9057,9057,9057
9057,9057,9057
9057,9057,9057
9057,9057,9057
9057,9057,9057
9057,9057,9057
9057,9057,9057
9057,9057,9057
9057,9057,9057
9057,9057,9057
9057,9057,9057
9057,9057,9057
9057,9057,9057
9057,9057,9057
9057,9057,9057
9057,9057,9057
9057,9057,9057
9057,9057,9057
9057,9057,9057
9057,9057,9057
9057,9057,9057
9057,9057,9057
9057,9057,9057
9057,9057,9057
9057,9057,9057
9057,9057,9057
9057,9057,9057
9057,9057,9057
9057,9057,9057
9057,9057,9057
9057,9057,9057
9057,9057,9057
9057,9057,9057
9057,9057,9057
9057,9057,9057
9057,9057,9057
9057,9057,9057
9057,9057,9057
9057,9057,9057
9057,9057,9057
9057,9057,9057
9057,9057,9057
9057,9057,9057
9057,9057,9057
9057,9057,9057
9057,9057,9057
9057,9057,9057
9057,9057,9057
9057,9057,9057
9057,9057,9057
9057,9057,9057
9057,9057,9057
9057,9057,9057
9057,9057,9057
9057,9057,9057
9057,9057,9057
9057,9057,9057
9057,9057,9057
9057,9057,9057
9057,9057,9057
9057,9057,9057
9057,9057,9057
9057,9057,9057
9057,9057,9057
9057,9057,9057
9057,9057,9057
9057,9057,9057
9057,9057,9057
9057,9057,9057
9057,9057,9057
9057,9057,9057
9057,9057,9057
9057,9057,9057
9057,9057,9057
9057,9057,9057
9057,9057,9057
9057,9057,9057
9057,9057,9057
9057,9057,9057
9057,9057,9057
9057,9057,9057
9057,9057,9057
9057,9057,9057
9057,9057,9057
9057,9057,9057
9057,9057,9057
9057,9057,9057
9057,9057,9057
9057,9057,9057
9057,9057,9057
9057,9057,9057
9057,9057,9057
9057,9057,9057
9057,9057,9057
9057,9057,9057
9057,9057,9057
9057,9057,9057
9057,9057,9057
9057,9057,9057
9057,9057,9057
9057,9057,9057
9057,9057,9057
9057,9057,9057
9057,9057,9057
9057,9057,9057
9057,9057,9057
9057,9057,9057
9057,9057,9057
9057,9057,9057
9057,9057,9057
9057,9057,9057
9057,9057,9057
9057,9057,9057
9057,9057,9057
9057,9057,9057
9057,9057,9057
9057,9057,9057
9057,9057,9057
9057,9057,9057
9057,9057,9057
9057,9057,9057
9057,9057,9057
9057,9057,9057
9057,9057,9057
9057,9057,9057
9057,9057,9057
9057,9057,9057
9057,9057,9057
9057,9057,9057
9057,9057,9057
9057,9057,9057
9057,9057,9057
9057,9057,9057
9057,9057,9057
9057,9057,9057
9057,9057,9057
9057,9057,9057
9057,9057,9057
9057,9057,9057
9057,9057,9057
9057,9057,9057
9057,9057,9057
9057,9057,9057
9057,9057,9057
9057,9057,9057
9057,9057,9057
9057,9057,9057
9057,9057,9057
9057,9057,9057
11136,11136,11136
11136,11136,11136
11136,11136,11136
11136,11136,11136
11136,11136,11136
11136,11136,11136
11136,11136,11136
11136,11136,11136
11136,11136,11136
11136,11136,11136
11136,11136,11136
11136,11136,11136
11136,11136,11136
11136,11136,11136
11136,11136,11136
11136,11136,11136
11136,11136,11136
11136,11136,11136
11136,11136,11136
11136,11136,11136
11136,11136,11136
11136,11136,11136
11136,11136,11136
11136,11136,11136
11136,11136,11136
11136,11136,11136
11136,11136,11136
11136,11136,11136
11136,11136,11136
11136,11136,11136
11136,11136,11136
11136,11136,11136
11136,11136,11136
11136,11136,11136
11136,11136,11136
11136,11136,11136
11136,11136,11136
11136,11136,11136
11136,11136,11136
11136,11136,11136
11136,11136,11136
11136,11136,11136
11136,11136,11136
11136,11136,11136
11136,11136,11136
11136,11136,11136
11136,11136,11136
11136,11136,11136
11136,11136,11136
11136,11136,11136
11136,11136,11136
11136,11136,11136
11136,11136,11136
11136,11136,11136
11136,11136,11136
11136,11136,11136
11136,11136,11136
11136,11136,11136
11136,11136,11136
11136,11136,11136
11136,11136,11136
11136,11136,11136
11136,11136,11136
11136,11136,11136
11136,11136,11136
11136,11136,11136
11136,11136,11136
11136,11136,11136
11136,11136,11136
11136,11136,11136
11136,11136,11136
11136,11136,11136
11136,11136,11136
11136,11136,11136
11136,11136,11136
11136,11136,11136
11136,11136,11136
11136,11136,11136
6556,6556,6556
6566,6566,6566
6566,6566,6566
6566,6566,6566
6566,6566,6566
6566,6566,6566
,,
6566,6566,6566
6566,6566,6566
6566,6566,6566
6566,6566,6566
6566,6566,6566
6566,6566,6566
6566,6566,6566
,,
,,
6566,6566,6566
6566,6566,6566
6566,6566,6566
6566,6566,6566
6566,6566,6566
,,
6566,6566,6566
,,
,,
,,
,,
,,
,,
,,
,,
,,
6566,6566,6566
6566,6566,6566
6566,6566,6566
6566,6566,6566
,,
6566,6566,6566
6566,6566,6566
6566,6566,6566
6566,6566,6566
,,
6566,6566,6566
6566,6566,6566
6566,6566,6566
,,
6566,6566,6566
6566,6566,6566
6566,6566,6566
6566,6566,6566
,,
6566,6566,6566
,,
6566,6566,6566
,,
6566,6566,6566
6568,6568,6568
6579,6579,6579
6579,6579,6579
6579,6579,6579
6579,6579,6579
6579,6579,6579
6579,6579,6579
6579,6579,6579
6579,6579,6579
6579,6579,6579
6579,6579,6579
6579,6579,6579
6579,6579,6579
6579,6579,6579
6579,6579,6579
6579,6579,6579
6579,6579,6579
6579,6579,6579
6579,6579,6579
6579,6579,6579
6579,6579,6579
6579,6579,6579
6579,6579,6579
6579,6579,6579
6579,6579,6579
6579,6579,6579
6579,6579,6579
6579,6579,6579
6579,6579,6579
6579,6579,6579
6579,6579,6579
6579,6579,6579
6579,6579,6579
6579,6579,6579
6579,6579,6579
6579,6579,6579
6579,6579,6579
6579,6579,6579
6579,6579,6579
6579,6579,6579
6579,6579,6579
6579,6579,6579
6579,6579,6579
6579,6579,6579
6579,6579,6579
6579,6579,6579
6579,6579,6579
6579,6579,6579
6579,6579,6579
6579,6579,6579
6579,6579,6579
6579,6579,6579
6579,6579,6579
6579,6579,6579
6579,6579,6579
6579,6579,6579
6579,6579,6579
6579,6579,6579
6579,6579,6579
6579,6579,6579
10599,10599,10599
10599,10599,10599
10599,10599,10599
10599,10599,10599
10599,10599,10599
6579,6579,6579
6579,6579,6579
6579,6579,6579
6579,6579,6579
6579,6579,6579
6579,6579,6579
6579,6579,6579
6579,6579,6579
6579,6579,6579
6579,6579,6579
6579,6579,6579
6579,6579,6579
6579,6579,6579
6579,6579,6579
6579,6579,6579
10599,10599,10599
10599,10599,10599
10599,10599,10599
10599,10599,10599
10599,10599,10599
10599,10599,10599
10599,10599,10599
10599,10599,10599
10599,10599,10599
10599,10599,10599
10599,10599,10599
10599,10599,10599
10599,10599,10599
10599,10599,10599
10599,10599,10599
10599,10599,10599
10599,10599,10599
10599,10599,10599
10599,10599,10599
10599,10599,10599
10599,10599,10599
10599,10599,10599
10599,10599,10599
10599,10599,10599
10599,10599,10599
10599,10599,10599
10599,10599,10599
10599,10599,10599
10599,10599,10599
10599,10599,10599
10599,10599,10599
10599,10599,10599
10599,10599,10599
10599,10599,10599
10599,10599,10599
10599,10599,10599
10599,10599,10599
10599,10599,10599
10599,10599,10599
10599,10599,10599
10599,10599,10599
10599,10599,10599
10599,10599,10599
10599,10599,10599
10599,10599,10599
10599,10599,10599
10599,10599,10599
10599,10599,10599
10599,10599,10599
10599,10599,10599
10599,10599,10599
10599,10599,10599
10599,10599,10599
10599,10599,10599
10599,10599,10599
10599,10599,10599
10599,10599,10599
10599,10599,10599
10599,10599,10599
10599,10599,10599
10599,10599,10599
10599,10599,10599
10599,10599,10599
10599,10599,10599
10599,10599,10599
10599,10599,10599
10599,10599,10599
10599,10599,10599
10599,10599,10599
10599,10599,10599
10599,10599,10599
10599,10599,10599
10599,10599,10599
10599,10599,10599
10599,10599,10599
10599,10599,10599
10599,10599,10599
10599,10599,10599
10599,10599,10599
10599,10599,10599
10599,10599,10599
10599,10599,10599
10599,10599,10599
10599,10599,10599
10599,10599,10599
10599,10599,10599
10599,10599,10599
10599,10599,10599
10599,10599,10599
10599,10599,10599
6579,6579,6579
6579,6579,6579
6579,6579,6579
6579,6579,6579
6579,6579,6579
6578,6578,6578
6578,6578,6578
6578,6578,6578
6578,6578,6578
6578,6578,6578
6578,6578,6578
6578,6578,6578
6578,6578,6578
6578,6578,6578
6578,6578,6578
6578,6578,6578
6578,6578,6578
6578,6578,6578
6578,6578,6578
6578,6578,6578
6578,6578,6578
6578,6578,6578
6578,6578,6578
6578,6578,6578
6578,6578,6578
6578,6578,6578
6578,6578,6578
6578,6578,6578
6580,6580,6580
387775,387775,387775
387775,387775,387775
387775,387775,387775
387775,387775,387775
387775,387775,387775
387775,387775,387775
387775,387775,387775
387775,387775,387775
387775,387775,387775
387775,387775,387775
387775,387775,387775
387775,387775,387775
387775,387775,387775
387775,387775,387775
387775,387775,387775
387775,387775,387775
387775,387775,387775
387775,387775,387775
387775,387775,387775
387775,387775,387775
387775,387775,387775
387775,387775,387775
387775,387775,387775
387775,387775,387775
9963,9963,9963
6576,6576,6576
6576,6576,6576
6576,6576,6576
6576,6576,6576
6576,6576,6576
6576,6576,6576
6576,6576,6576
6576,6576,6576
6576,6576,6576
6576,6576,6576
6576,6576,6576
6576,6576,6576
6576,6576,6576
6576,6576,6576
6576,6576,6576
6576,6576,6576
6576,6576,6576
6576,6576,6576
6576,6576,6576
6576,6576,6576
6576,6576,6576
6576,6576,6576
6576,6576,6576
83884,83884,83884
83884,83884,83884
83884,83884,83884
83884,83884,83884
83884,83884,83884
83884,83884,83884
83884,83884,83884
83884,83884,83884
83884,83884,83884
83884,83884,83884
83884,83884,83884
83884,83884,83884
83884,83884,83884
83884,83884,83884
83884,83884,83884
83884,83884,83884
83884,83884,83884
83884,83884,83884
83884,83884,83884
1468,1468,1468
1468,1468,1468
60386,60386,60386
788,788,788
788,788,788
788,788,788
788,788,788
788,788,788
,,
64078,9154,64078
64078,9153,9153
7779,7779,7779
206358,206358,206358
54020,54020,54020
2542,2542,2542
6579,6579,6579
6579,6579,6579
6579,6579,6579
6579,6579,6579
6579,6579,6579
6579,6579,6579
6579,6579,6579
6579,6579,6579
6579,6579,6579
6579,6579,6579
6579,6579,6579
6579,6579,6579
6579,6579,6579
6579,6579,6579
6579,6579,6579
215,215,215
215,215,215
215,215,215
215,215,215
4363,4363,4363
,,
,,
,,
,,
,,
,,
,,
,,
,,
,,
6566,6566,6566
5825,5825,5825
5825,5825,5825
,,
8402,8402,8402
,,
8501,8501,8501
8501,8501,8501
8501,8501,8501
8501,8501,8501
8501,8501,8501
,,
,,
,,
,,
284111,284111,284111
9152,9152,9152
9497,9497,9497
115584,115584,115584
6575,6575,6574
142680,142680,142680
6534,6534,6534
170712,170712,170712
1622,1622,1622
1622,1622,1622
,,
,,
,,
,,
788,788,788
,,
,,
,,
1622,1622,1622
,,
1622,1622,1622
,,
1622,1622,1622
,,
,,
215,215,215
788,788,788
,,
,,
788,788,788
,,
788,788,788
788,788,788
,,
,,
788,788,788
788,788,788
,,
,,
,,
,,
788,788,788
11001,11001,11001
,,
215,225,225
,,
,,
,,
,,
,,
215,225,225
11000,28965,10999
,,
,,
,,
215,225,225
,,
788,788,788
1622,1622,1622
1622,1622,1622
1622,1622,1622
1622,1622,1622
1622,1622,1622
,,
1622,1622,1622
,,
,,
1622,1622,1622
1622,1622,1622
1622,1622,1622
,,
1622,1622,1622
1622,1622,1622
,,
,,
1622,1622,1622
,,
1622,1622,1622
,,
215,225,225
215,225,225
,,
11000,28965,10999
1622,1622,1622
788,788,788
,,
,,
,,
,,
5825,5825,5825
5825,5825,5825
,,
215,215,215
215,215,215
,,
788,788,788
,,
,,
,,
,,
,,
,,
54716,54716,57393
6564,6564,6564
11254,11254,11254
9057,9056,9056
11254,11254,11254
9962,9962,9963
11254,11254,11254
23428,23428,23428
6533,6533,6533
206358,206358,206358
,,
6564,6564,6564
51296,121260,51296
,,
,,
11254,11254,11254
,,
92745,92745,92745
11136,11136,11136
11136,11136,11136
113235,113235,113235
6523,6523,6523
6523,6523,6523
11254,11254,11254
9057,9056,9056
6564,6564,6564
6564,6564,6564
6564,6564,6564
6564,6564,6564
6564,6564,6564
92745,92745,92745
51296,121260,51296
9057,9056,9056
9057,9056,9056
2168,2168,2168
11254,11254,11254
,,
,,
11254,11254,11254
6564,6564,6564
6564,6564,6564
,,
9057,9056,9056
,,
11254,11254,11254
11254,11254,11254
9057,9056,9056
,,
,,
9390,9390,9390
,,
2168,2168,2168
11136,11136,11136
11136,11136,11136
,,
11254,11254,11254
9057,9056,9056
2168,2168,2168
,,
6564,6564,6564
54716,54716,57393
79581,79581,79581
,,
11254,11254,11254
,,
6533,6533,6533
206358,206358,206358
,,
11254,11254,11254
,,
11254,11254,11254
11254,11254,11254
,,
11254,11254,11254
,,
,,
19,19,19
,,
,,
,,
,,
8671,8671,8671
,,
6509,6509,6509
,,
64078,64078,64078
,,
,,
,,
,,
6509,6509,6509
,,
,,
,,
64078,64078,64078
,,
,,
,,
,,
,,
,,
,,
4891,4891,4891
30061,30061,30061
,,
,,
6514,6514,6514
6509,6509,6509
,,
,,
,,
64078,64078,64078
64078,64078,64078
,,
,,
,,
,,
,,
,,
,,
,,
,,
,,
,,
,,
,,
,,
6580,6580,6580
,,
64078,64078,64078
64078,64078,64078
,,
,,
,,
,,
,,
,,
,,
,,
,,
,,
,,
,,
,,
,,
10864,10864,10864
,,
,,
,,
,,
,,
,,
,,
,,
,,
,,
,,
,,
,,
,,
,,
,,
,,
,,
,,
,,
,,
,,
,,
,,
,,
,,
,,
,,
,,
,,
,,
,,
,,
,,
,,
,,
,,
,,
,,
,,
,,
,,
,,
,,
,,
,,
,,
,,
,,
,,
,,
,,
,,
,,
,,
,,
,,
,,
,,
,,
,,
,,
,,
,,
,,
,,
,,
,,
,,
,,
,,
,,
,,
,,
,,
,,
,,
,,
,,
,,
,,
,,
,,
,,
,,
,,
,,
,,
,,
,,
,,
,,
,,
,,
,,
,,
,,
,,
,,
,,
,,
,,
,,
,,
,,
,,
,,
,,
,,
,,
,,
,,
,,
,,
,,
,,
,,
,,
,,
,,
,,
,,
,,
,,
,,
,,
,,
,,
,,
,,
,,
,,
,,
,,
,,
,,
,,
,,
,,
,,
,,
,,
,,
,,
,,
,,
,,
,,
,,
,,
,,
,,
,,
,,
,,
,,
,,
,,
,,
,,
,,
,,
,,
,,
,,
,,
,,
,,
,,
,,
,,
,,
,,
,,
,,
,,
,,
,,
,,
,,
,,
,,
,,
,,
,,
,,
,,
,,
,,
,,
,,
,,
,,
,,
,,
,,
,,
,,
,,
,,
,,
,,
,,
,,
,,
,,
,,
,,
,,
,,
,,
,,
,,
,,
,,
,,
,,
,,
,,
,,
,,
,,
,,
,,
,,
,,
,,
,,
,,
,,
,,
,,
,,
,,
,,
,,
,,
,,
,,
,,
,,
,,
,,
,,
,,
,,
,,
,,
,,
,,
,,
,,
,,
,,
,,
,,
,,
,,
,,
,,
,,
,,
,,
,,
,,
,,
,,
,,
,,
,,
,,
,,
,,
,,
,,
,,
,,
,,
,,
,,
,,
,,
,,
,,
,,
,,
,,
,,
,,
,,
,,
,,
,,
,,
,,
,,
,,
,,
,,
,,
,,
,,
,,
,,
,,
,,
,,
,,
,,
,,
,,
,,
,,
,,
,,
,,
,,
,,
,,
,,
,,
,,
,,
,,
,,
,,
,,
,,
,,
,,
,,
,,
,,
,,
,,
,,
,,
,,
,,
,,
,,
,,
,,
,,
,,
,,
,,
,,
,,
,,
,,
,,
,,
,,
,,
,,
,,
,,
,,
,,
,,
,,
,,
,,
,,
,,
,,
,,
,,
,,
,,
,,
,,
,,
,,
,,
,,
,,
,,
,,
,,
,,
,,
,,
,,
,,
,,
,,
,,
,,
,,
,,
,,
,,
,,
,,
,,
,,
,,
,,
,,
,,
,,
,,
,,
,,
,,
,,
,,
,,
,,
,,
,,
,,
,,
,,
,,
,,
,,
,,
,,
,,
,,
,,
,,
,,
,,
,,
,,
,,
,,
,,
,,
,,
,,
,,
,,
,,
,,
,,
,,
,,
,,
,,
,,
,,
,,
,,
,,
,,
,,
,,
,,
,,
,,
,,
,,
,,
,,
,,
,,
,,
,,
,,
,,
,,
,,
,,
,,
,,
,,
,,
,,
,,
,,
,,
,,
,,
,,
,,
,,
,,
,,
,,
,,
,,
,,
,,
,,
,,
,,
,,
,,
,,
,,
,,
,,
,,
,,
,,
,,
,,
,,
,,
,,
,,
,,
,,
,,
,,
,,
,,
,,
,,
,,
,,
,,
,,
,,
,,
,,
,,
,,
,,
,,
,,
,,
,,
,,
,,
,,
,,
,,
,,
,,
,,
,,
,,
,,
,,
,,
,,
,,
,,
,,
,,
,,
,,
,,
,,
,,
,,
,,
,,
,,
,,
,,
,,
,,
,,
,,
,,
,,
,,
,,
,,
,,
,,
,,
,,
,,
,,
,,
,,
,,
,,
,,
,,
,,
,,
,,
,,
,,
,,
,,
,,
,,
,,
,,
,,
,,
,,
,,
,,
,,
,,
,,
,,
,,
,,
,,
,,
,,
,,
,,
,,
,,
,,
,,
,,
,,
,,
,,
,,
,,
,,
,,
,,
,,
,,
160728,160728,160728
222962,222962,64078
348932,348932,348932
120103,120103,120103
376497,376497,10999
11000,376497,10999
348932,348932,348932
348932,348932,348932
6539,6539,6539
160728,160728,160728
1080,1080,1080
11254,11254,11254
348932,348932,348932
55089,55089,55089
64078,64078,64078
85320,85320,85320
222962,222962,222962
10351,10351,10351
85320,85320,85320
85320,85320,85320
10351,10351,10351
4363,5244,10257
9356,9356,9356
9376,55867,10864
10599,6579,6579
6539,6539,6539
348932,348932,348932
348932,348932,348932
348932,348932,348932
64078,64078,64078
364,360,366
948,2806,948
,,
348932,348932,348932
64078,64078,64078
,,
348932,348932,348932
10351,10351,10351
376497,376497,11001
948,2806,948
55089,55089,55089
348932,348932,348932
160728,160728,160728
948,2806,948
11000,28965,10999
376497,376497,10999
19,19,19
21,21,21
348932,348932,348932
9429,9429,9429
,,
160728,160728,160728
,,
120103,120103,120103
19,19,19
160728,160728,160728
24,24,24
348932,348932,348932
222962,222962,222962
10351,10351,10351
64078,64078,64078
348932,348932,348932
11000,11001,10999
348932,348932,348932
64078,64078,64078
,,
348932,348932,348932
,,
1577,1576,1577
,,
,,
,,
,,
,,
,,
,,
,,
,,
1577,1576,1577
1577,1576,1577
,,
,,
,,
,,
,,
,,
,,
,,
,,
,,
,,
,,
,,
7363,54657,7364
,,
1577,1576,1577
,,
,,
54659,54659,54659
1244,5243,1244
1577,1576,1577
5446,5446,5446
1244,5243,1244
,,
11309,11309,11309
54659,54659,54659
1244,5243,1244
1577,1576,1577
1244,5243,1244
,,
11309,11309,11309
,,
,,
,,
,,
1576,1576,1576
,,
11309,11309,11309
1565,1576,1577
,,
,,
5446,5446,5446
,,
3032,3030,3032
51,1962,1962
9429,9429,9429
,,
8529,1576,1576
9429,9429,9429
,,
11309,11309,11309
5446,5446,5446
,,
1565,1576,1577
,,
9429,9429,9429
,,
11309,11309,11309
,,
1571,1571,1571
,,
,,
,,
,,
1577,1576,1577
5446,5446,5446
1244,5243,1244
,,
11309,11309,11309
1577,1576,1577
,,
1244,5243,1244
,,
11309,11309,11309
,,
7363,54657,7364
1577,1576,1577
,,
1576,1576,1576
9429,9429,9429
,,
1576,1576,1576
9429,9429,9429
,,
,,
,,
1565,1576,1565
,,
,,
,,
,,
,,
,,
,,
,,
1565,1558,1565
,,
5446,5446,5446
,,
1565,1576,1577
9429,9429,9429
,,
,,
11309,11309,11309
5446,5446,5446
,,
5446,5446,5446
,,
1565,1576,1577
5446,5446,5446
,,
1565,1576,1577
5446,5446,5446
5243,5243,5243
,,
1565,1576,1577
,,
,,
1559,1559,1559
,,
,,
,,
,,
,,
,,
,,
,,
1559,1558,1559
,,
1576,1576,1576
9429,9429,9429
,,
64078,64078,64078
5243,5243,5243
54578,54578,54578
,,
8714,8714,8714
8714,8714,8714
8714,8714,8714
8714,8714,8714
6817,6817,6817
,,
8714,8714,8714
64078,9153,9153
316,316,7498
10864,10864,10864
1577,1576,1577
,,
,,
,,
,,
,,
,,
,,
,,
,,
,,
,,
,,
,,
,,
,,
,,
,,
,,
,,
,,
,,
,,
1577,1576,1577
,,
,,
,,
,,
,,
,,
,,
,,
1577,1576,1577
,,
,,
6566,6566,6566
11309,11309,11309
5446,5446,5446
,,
,,
5243,5243,5243
7364,54576,54576
54659,54659,54659
7364,54576,54576
11309,11309,11309
,,
,,
,,
,,
5243,5243,5243
,,
,,
,,
,,
7364,54659,7364
,,
,,
,,
,,
1576,1576,1576
,,
1576,1576,1576
,,
9429,5243,9429
,,
1576,1576,1576
2990,2990,2990
9429,9429,9429
,,
1558,1558,1558
2990,2990,2990
9429,9429,9429
,,
9429,9429,9429
,,
,,
,,
10599,10599,10599
,,
,,
,,
,,
5243,5243,5243
54659,54659,54658
54659,54659,54658
,,
,,
,,
51,1962,1962
,,
1559,1559,1559
,,
,,
,,
,,
9429,9429,9429
,,
,,
,,
,,
,,
,,
,,
,,
,,
,,
,,
,,
,,
,,
,,
,,
,,
,,
,,
,,
,,
,,
,,
,,
,,
,,
,,
,,
,,
,,
,,
,,
,,
,,
,,
,,
,,
,,
,,
,,
,,
,,
,,
,,
,,
,,
,,
,,
,,
,,
,,
,,
,,
,,
,,
,,
,,
,,
,,
,,
,,
,,
,,
,,
,,
,,
,,
,,
,,
,,
,,
,,
,,
,,
,,
,,
,,
,,
,,
,,
,,
,,
,,
,,
,,
,,
,,
,,
,,
,,
,,
,,
,,
,,
,,
,,
,,
,,
,,
,,
,,
,,
,,
,,
,,
,,
,,
,,
,,
,,
,,
,,
,,
,,
,,
,,
,,
,,
,,
,,
,,
,,
,,
,,
,,
,,
,,
,,
,,
,,
,,
,,
,,
,,
,,
,,
,,
,,
,,
,,
,,
,,
,,
,,
,,
,,
11309,11309,11309
54578,54578,54578
,,
,,
,,
,,
,,
,,
,,
,,
5243,5243,5243
,,
1559,1576,1576
,,
54575,54575,54575
,,
5243,5243,5243
1559,1576,1576
,,
1559,1576,1576
,,
,,
,,
1559,1576,1576
,,
,,
54575,54577,7367
,,
,,
,,
,,
5446,5446,5446
5243,5243,5243
1577,1576,1577
1577,1576,1577
1577,1576,1577
1577,1576,1577
1577,1576,1577
5243,5243,5243
,,
,,
,,
5243,5243,5243
8714,8714,8714
8714,8714,8714
,,
1559,1562,1562
,,
1559,1557,1559
9429,9429,9429
,,
,,
,,
,,
,,
10864,10864,10864
,,
,,
,,
9429,9429,9429
54578,54659,7364
,,
,,
1559,1558,1559
9429,9429,9429
1576,1576,1576
5446,5446,5446
,,
11309,11309,11309
9429,9429,9429
,,
9429,9429,9429
,,
,,
11309,11309,11309
,,
9429,9429,9429
,,
,,
9429,9429,9429
5446,5446,5446
,,
,,
11309,11309,11309
,,
,,
5243,5243,5243
2990,2990,2990
,,
5243,5243,5243
,,
54659,54659,54658
5446,5446,5446
,,
,,
10599,10599,10599
,,
,,
10257,8714,10257
,,
5243,5243,5243
,,
,,
,,
,,
,,
,,
,,
1559,1559,1559
,,
,,
,,
1559,1559,1559
,,
,,
9356,9356,9356
,,
1576,1576,1576
9429,9429,9429
,,
,,
,,
,,
,,
,,
,,
,,
,,
,,
,,
,,
,,
,,
,,
,,
,,
,,
,,
,,
,,
,,
,,
,,
,,
,,
,,
,,
,,
,,
,,
,,
,,
,,
,,
,,
,,
,,
,,
,,
,,
,,
,,
,,
,,
,,
,,
,,
,,
,,
,,
,,
,,
,,
,,
,,
,,
,,
,,
,,
,,
,,
,,
,,
,,
,,
,,
,,
,,
,,
,,
,,
,,
,,
,,
,,
,,
,,
,,
,,
,,
,,
,,
,,
,,
,,
,,
,,
,,
,,
,,
,,
,,
,,
,,
,,
,,
,,
,,
,,
,,
,,
,,
,,
,,
,,
,,
,,
,,
,,
,,
,,
,,
,,
,,
,,
,,
,,
,,
,,
,,
,,
,,
,,
,,
,,
,,
,,
,,
,,
,,
,,
,,
,,
,,
,,
,,
,,
,,
,,
,,
,,
,,
,,
,,
,,
,,
,,
,,
,,
788,788,788
1376,1376,1376
788,788,788
1376,1376,1376
788,788,788
1376,1376,1376
10606,10606,10606
3032,3030,3032
51,51,51
10455,3030,10455
10455,3030,10455
10455,3030,10455
51,51,51
10455,3030,10455
51,51,51
3032,3030,3032
3032,3030,3032
51,51,51
10455,3030,10455
10455,3030,10455
3032,3030,3032
10455,3030,10455
10455,3030,10455
3295,6342,3295
10455,3030,10455
3295,6342,3295
3032,3030,3032
3032,3030,3032
51,51,51
3032,3030,3032
3032,3030,3032
3032,3030,3032
3032,3030,3032
3032,3030,3032
51,51,51
3032,3030,3032
51,51,51
3032,3030,3032
3032,3030,3032
51,51,51
3032,3030,3032
3032,3030,3032
3032,3030,3032
3032,3030,3032
3032,3030,3032
3032,3030,3032
10455,3030,10455
51,51,51
3032,3030,3032
10455,3030,10455
51,51,51
3032,3030,3032
3032,3030,3032
3032,3030,3032
3032,3030,3032
3032,3030,3032
3032,3030,3032
3032,3030,3032
51,51,51
3032,3030,3032
10455,3030,10455
3295,6342,3295
3032,3030,3032
51,51,51
10455,3030,10455
3295,6342,3295
51,51,51
3032,3030,3032
51,51,51
3032,3030,3032
3032,3030,3032
51,51,51
51,51,51
51,51,51
10455,3030,10455
51,51,51
51,51,51
34,3030,34
34,3030,34
34,3030,34
10455,3030,10455
34,3030,34
34,3030,34
34,3030,34
3032,3030,3032
8310,8310,26063
8310,8310,26063
8310,8310,26063
